<?xml version="1.0" encoding="ISO-8859-1" ?>
<link_info>
   <banner>TI ARM Linker Unix v20.2.4.LTS</banner>
   <copyright>Copyright (c) 1996-2018 Texas Instruments Incorporated</copyright>
   <link_time>0x6212a06f</link_time>
   <link_errors>0x0</link_errors>
   <output_file>Lab3Part1.out</output_file>
   <entry_point>
      <name>_c_int00_noinit_noargs</name>
      <address>0x1e1</address>
   </entry_point>
   <input_file_list>
      <input_file id="fl-1">
         <path>./</path>
         <kind>object</kind>
         <file>SysTick.obj</file>
         <name>SysTick.obj</name>
      </input_file>
      <input_file id="fl-2">
         <path>./</path>
         <kind>object</kind>
         <file>main.obj</file>
         <name>main.obj</name>
      </input_file>
      <input_file id="fl-3">
         <path>./</path>
         <kind>object</kind>
         <file>msp432_startup_ccs.obj</file>
         <name>msp432_startup_ccs.obj</name>
      </input_file>
      <input_file id="fl-7">
         <kind>object</kind>
         <file>&lt;internal&gt;</file>
         <name>&lt;internal&gt;</name>
      </input_file>
      <input_file id="fl-bd">
         <path>/Applications/ti/ccs1031/ccs/tools/compiler/ti-cgt-arm_20.2.4.LTS/lib/</path>
         <kind>archive</kind>
         <file>rtsv7M4_T_le_v4SPD16_eabi.lib</file>
         <name>copy_zero_init.c.obj</name>
      </input_file>
      <input_file id="fl-be">
         <path>/Applications/ti/ccs1031/ccs/tools/compiler/ti-cgt-arm_20.2.4.LTS/lib/</path>
         <kind>archive</kind>
         <file>rtsv7M4_T_le_v4SPD16_eabi.lib</file>
         <name>copy_decompress_none.c.obj</name>
      </input_file>
      <input_file id="fl-bf">
         <path>/Applications/ti/ccs1031/ccs/tools/compiler/ti-cgt-arm_20.2.4.LTS/lib/</path>
         <kind>archive</kind>
         <file>rtsv7M4_T_le_v4SPD16_eabi.lib</file>
         <name>copy_decompress_lzss.c.obj</name>
      </input_file>
      <input_file id="fl-c0">
         <path>/Applications/ti/ccs1031/ccs/tools/compiler/ti-cgt-arm_20.2.4.LTS/lib/</path>
         <kind>archive</kind>
         <file>rtsv7M4_T_le_v4SPD16_eabi.lib</file>
         <name>boot_cortex_m.c.obj</name>
      </input_file>
      <input_file id="fl-c1">
         <path>/Applications/ti/ccs1031/ccs/tools/compiler/ti-cgt-arm_20.2.4.LTS/lib/</path>
         <kind>archive</kind>
         <file>rtsv7M4_T_le_v4SPD16_eabi.lib</file>
         <name>memset_t2.asm.obj</name>
      </input_file>
      <input_file id="fl-c2">
         <path>/Applications/ti/ccs1031/ccs/tools/compiler/ti-cgt-arm_20.2.4.LTS/lib/</path>
         <kind>archive</kind>
         <file>rtsv7M4_T_le_v4SPD16_eabi.lib</file>
         <name>memcpy_t2.asm.obj</name>
      </input_file>
      <input_file id="fl-c3">
         <path>/Applications/ti/ccs1031/ccs/tools/compiler/ti-cgt-arm_20.2.4.LTS/lib/</path>
         <kind>archive</kind>
         <file>rtsv7M4_T_le_v4SPD16_eabi.lib</file>
         <name>autoinit.c.obj</name>
      </input_file>
      <input_file id="fl-c4">
         <path>/Applications/ti/ccs1031/ccs/tools/compiler/ti-cgt-arm_20.2.4.LTS/lib/</path>
         <kind>archive</kind>
         <file>rtsv7M4_T_le_v4SPD16_eabi.lib</file>
         <name>pre_init.c.obj</name>
      </input_file>
      <input_file id="fl-c5">
         <path>/Applications/ti/ccs1031/ccs/tools/compiler/ti-cgt-arm_20.2.4.LTS/lib/</path>
         <kind>archive</kind>
         <file>rtsv7M4_T_le_v4SPD16_eabi.lib</file>
         <name>cpy_tbl.c.obj</name>
      </input_file>
      <input_file id="fl-c6">
         <path>/Applications/ti/ccs1031/ccs/tools/compiler/ti-cgt-arm_20.2.4.LTS/lib/</path>
         <kind>archive</kind>
         <file>rtsv7M4_T_le_v4SPD16_eabi.lib</file>
         <name>exit.c.obj</name>
      </input_file>
      <input_file id="fl-c7">
         <path>/Applications/ti/ccs1031/ccs/tools/compiler/ti-cgt-arm_20.2.4.LTS/lib/</path>
         <kind>archive</kind>
         <file>rtsv7M4_T_le_v4SPD16_eabi.lib</file>
         <name>_lock.c.obj</name>
      </input_file>
      <input_file id="fl-c8">
         <path>/Applications/ti/ccs1031/ccs/tools/compiler/ti-cgt-arm_20.2.4.LTS/lib/</path>
         <kind>archive</kind>
         <file>rtsv7M4_T_le_v4SPD16_eabi.lib</file>
         <name>args_main.c.obj</name>
      </input_file>
   </input_file_list>
   <object_component_list>
      <object_component id="oc-13">
         <name>.intvecs</name>
         <load_address>0x0</load_address>
         <run_address>0x0</run_address>
         <size>0x144</size>
         <input_file_ref idref="fl-3"/>
      </object_component>
      <object_component id="oc-28">
         <name>.text</name>
         <load_address>0x144</load_address>
         <run_address>0x144</run_address>
         <size>0x9a</size>
         <input_file_ref idref="fl-3"/>
      </object_component>
      <object_component id="oc-97">
         <name>.text</name>
         <load_address>0x1de</load_address>
         <run_address>0x1de</run_address>
         <size>0x2</size>
         <input_file_ref idref="fl-2"/>
      </object_component>
      <object_component id="oc-54">
         <name>.text:_c_int00_noinit_noargs:_c_int00_noinit_noargs</name>
         <load_address>0x1e0</load_address>
         <run_address>0x1e0</run_address>
         <size>0x2c</size>
         <input_file_ref idref="fl-c0"/>
      </object_component>
      <object_component id="oc-91">
         <name>.text:_system_pre_init</name>
         <load_address>0x20c</load_address>
         <run_address>0x20c</run_address>
         <size>0x4</size>
         <input_file_ref idref="fl-c4"/>
      </object_component>
      <object_component id="oc-c0">
         <name>.text:abort:abort</name>
         <load_address>0x210</load_address>
         <run_address>0x210</run_address>
         <size>0x4</size>
         <input_file_ref idref="fl-c6"/>
      </object_component>
      <object_component id="oc-25">
         <name>.stack</name>
         <uninitialized>true</uninitialized>
         <run_address>0x2000fe00</run_address>
         <size>0x4</size>
         <input_file_ref idref="fl-c0"/>
      </object_component>
      <object_component id="oc-18a">
         <name>.stack</name>
         <uninitialized>true</uninitialized>
         <run_address>0x2000fe00</run_address>
         <size>0x0</size>
      </object_component>
      <object_component id="oc-ae">
         <name>.debug_info</name>
         <load_address>0x0</load_address>
         <run_address>0x0</run_address>
         <size>0x52a</size>
         <input_file_ref idref="fl-1"/>
      </object_component>
      <object_component id="oc-105">
         <name>.debug_info</name>
         <load_address>0x52a</load_address>
         <run_address>0x52a</run_address>
         <size>0x1055</size>
         <input_file_ref idref="fl-1"/>
      </object_component>
      <object_component id="oc-71">
         <name>.debug_info</name>
         <load_address>0x157f</load_address>
         <run_address>0x157f</run_address>
         <size>0x26b</size>
         <input_file_ref idref="fl-1"/>
      </object_component>
      <object_component id="oc-100">
         <name>.debug_info</name>
         <load_address>0x17ea</load_address>
         <run_address>0x17ea</run_address>
         <size>0x37e2</size>
         <input_file_ref idref="fl-1"/>
      </object_component>
      <object_component id="oc-37">
         <name>.debug_info</name>
         <load_address>0x4fcc</load_address>
         <run_address>0x4fcc</run_address>
         <size>0x84</size>
         <input_file_ref idref="fl-1"/>
      </object_component>
      <object_component id="oc-a9">
         <name>.debug_info</name>
         <load_address>0x5050</load_address>
         <run_address>0x5050</run_address>
         <size>0x2a4</size>
         <input_file_ref idref="fl-1"/>
      </object_component>
      <object_component id="oc-10a">
         <name>.debug_info</name>
         <load_address>0x52f4</load_address>
         <run_address>0x52f4</run_address>
         <size>0xbb</size>
         <input_file_ref idref="fl-1"/>
      </object_component>
      <object_component id="oc-98">
         <name>.debug_info</name>
         <load_address>0x53af</load_address>
         <run_address>0x53af</run_address>
         <size>0xf2</size>
         <input_file_ref idref="fl-2"/>
      </object_component>
      <object_component id="oc-30">
         <name>.debug_info</name>
         <load_address>0x54a1</load_address>
         <run_address>0x54a1</run_address>
         <size>0x2a7</size>
         <input_file_ref idref="fl-3"/>
      </object_component>
      <object_component id="oc-14">
         <name>.debug_info</name>
         <load_address>0x5748</load_address>
         <run_address>0x5748</run_address>
         <size>0xee</size>
         <input_file_ref idref="fl-3"/>
      </object_component>
      <object_component id="oc-29">
         <name>.debug_info</name>
         <load_address>0x5836</load_address>
         <run_address>0x5836</run_address>
         <size>0x169a</size>
         <input_file_ref idref="fl-3"/>
      </object_component>
      <object_component id="oc-26">
         <name>.debug_info</name>
         <load_address>0x6ed0</load_address>
         <run_address>0x6ed0</run_address>
         <size>0x10b</size>
         <input_file_ref idref="fl-c0"/>
      </object_component>
      <object_component id="oc-55">
         <name>.debug_info</name>
         <load_address>0x6fdb</load_address>
         <run_address>0x6fdb</run_address>
         <size>0x1a2</size>
         <input_file_ref idref="fl-c0"/>
      </object_component>
      <object_component id="oc-92">
         <name>.debug_info</name>
         <load_address>0x717d</load_address>
         <run_address>0x717d</run_address>
         <size>0x153</size>
         <input_file_ref idref="fl-c4"/>
      </object_component>
      <object_component id="oc-c1">
         <name>.debug_info</name>
         <load_address>0x72d0</load_address>
         <run_address>0x72d0</run_address>
         <size>0x122</size>
         <input_file_ref idref="fl-c6"/>
      </object_component>
      <object_component id="oc-18b">
         <name>.debug_info</name>
         <load_address>0x73f2</load_address>
         <run_address>0x73f2</run_address>
         <size>0x9f</size>
      </object_component>
      <object_component id="oc-ff">
         <name>.debug_line</name>
         <load_address>0x0</load_address>
         <run_address>0x0</run_address>
         <size>0x20</size>
         <input_file_ref idref="fl-1"/>
      </object_component>
      <object_component id="oc-108">
         <name>.debug_line</name>
         <load_address>0x20</load_address>
         <run_address>0x20</run_address>
         <size>0x66</size>
         <input_file_ref idref="fl-1"/>
      </object_component>
      <object_component id="oc-74">
         <name>.debug_line</name>
         <load_address>0x86</load_address>
         <run_address>0x86</run_address>
         <size>0x7a</size>
         <input_file_ref idref="fl-1"/>
      </object_component>
      <object_component id="oc-103">
         <name>.debug_line</name>
         <load_address>0x100</load_address>
         <run_address>0x100</run_address>
         <size>0x63</size>
         <input_file_ref idref="fl-1"/>
      </object_component>
      <object_component id="oc-3a">
         <name>.debug_line</name>
         <load_address>0x163</load_address>
         <run_address>0x163</run_address>
         <size>0x20</size>
         <input_file_ref idref="fl-1"/>
      </object_component>
      <object_component id="oc-ac">
         <name>.debug_line</name>
         <load_address>0x183</load_address>
         <run_address>0x183</run_address>
         <size>0x7e</size>
         <input_file_ref idref="fl-1"/>
      </object_component>
      <object_component id="oc-10d">
         <name>.debug_line</name>
         <load_address>0x201</load_address>
         <run_address>0x201</run_address>
         <size>0x7b</size>
         <input_file_ref idref="fl-1"/>
      </object_component>
      <object_component id="oc-9b">
         <name>.debug_line</name>
         <load_address>0x27c</load_address>
         <run_address>0x27c</run_address>
         <size>0x3f</size>
         <input_file_ref idref="fl-2"/>
      </object_component>
      <object_component id="oc-70">
         <name>.debug_line</name>
         <load_address>0x2bb</load_address>
         <run_address>0x2bb</run_address>
         <size>0x3b</size>
         <input_file_ref idref="fl-3"/>
      </object_component>
      <object_component id="oc-2f">
         <name>.debug_line</name>
         <load_address>0x2f6</load_address>
         <run_address>0x2f6</run_address>
         <size>0x3b</size>
         <input_file_ref idref="fl-3"/>
      </object_component>
      <object_component id="oc-2c">
         <name>.debug_line</name>
         <load_address>0x331</load_address>
         <run_address>0x331</run_address>
         <size>0x55a</size>
         <input_file_ref idref="fl-3"/>
      </object_component>
      <object_component id="oc-6d">
         <name>.debug_line</name>
         <load_address>0x88b</load_address>
         <run_address>0x88b</run_address>
         <size>0x33</size>
         <input_file_ref idref="fl-c0"/>
      </object_component>
      <object_component id="oc-58">
         <name>.debug_line</name>
         <load_address>0x8be</load_address>
         <run_address>0x8be</run_address>
         <size>0x48</size>
         <input_file_ref idref="fl-c0"/>
      </object_component>
      <object_component id="oc-95">
         <name>.debug_line</name>
         <load_address>0x906</load_address>
         <run_address>0x906</run_address>
         <size>0x40</size>
         <input_file_ref idref="fl-c4"/>
      </object_component>
      <object_component id="oc-c4">
         <name>.debug_line</name>
         <load_address>0x946</load_address>
         <run_address>0x946</run_address>
         <size>0x3c</size>
         <input_file_ref idref="fl-c6"/>
      </object_component>
      <object_component id="oc-fe">
         <name>.debug_abbrev</name>
         <load_address>0x0</load_address>
         <run_address>0x0</run_address>
         <size>0x71</size>
         <input_file_ref idref="fl-1"/>
      </object_component>
      <object_component id="oc-107">
         <name>.debug_abbrev</name>
         <load_address>0x71</load_address>
         <run_address>0x71</run_address>
         <size>0x97</size>
         <input_file_ref idref="fl-1"/>
      </object_component>
      <object_component id="oc-73">
         <name>.debug_abbrev</name>
         <load_address>0x108</load_address>
         <run_address>0x108</run_address>
         <size>0x69</size>
         <input_file_ref idref="fl-1"/>
      </object_component>
      <object_component id="oc-102">
         <name>.debug_abbrev</name>
         <load_address>0x171</load_address>
         <run_address>0x171</run_address>
         <size>0xbd</size>
         <input_file_ref idref="fl-1"/>
      </object_component>
      <object_component id="oc-39">
         <name>.debug_abbrev</name>
         <load_address>0x22e</load_address>
         <run_address>0x22e</run_address>
         <size>0x1f</size>
         <input_file_ref idref="fl-1"/>
      </object_component>
      <object_component id="oc-ab">
         <name>.debug_abbrev</name>
         <load_address>0x24d</load_address>
         <run_address>0x24d</run_address>
         <size>0x5c</size>
         <input_file_ref idref="fl-1"/>
      </object_component>
      <object_component id="oc-10c">
         <name>.debug_abbrev</name>
         <load_address>0x2a9</load_address>
         <run_address>0x2a9</run_address>
         <size>0x24</size>
         <input_file_ref idref="fl-1"/>
      </object_component>
      <object_component id="oc-bf">
         <name>.debug_abbrev</name>
         <load_address>0x2cd</load_address>
         <run_address>0x2cd</run_address>
         <size>0x50</size>
         <input_file_ref idref="fl-2"/>
      </object_component>
      <object_component id="oc-6f">
         <name>.debug_abbrev</name>
         <load_address>0x31d</load_address>
         <run_address>0x31d</run_address>
         <size>0x68</size>
         <input_file_ref idref="fl-3"/>
      </object_component>
      <object_component id="oc-2e">
         <name>.debug_abbrev</name>
         <load_address>0x385</load_address>
         <run_address>0x385</run_address>
         <size>0x29</size>
         <input_file_ref idref="fl-3"/>
      </object_component>
      <object_component id="oc-6e">
         <name>.debug_abbrev</name>
         <load_address>0x3ae</load_address>
         <run_address>0x3ae</run_address>
         <size>0xf8</size>
         <input_file_ref idref="fl-3"/>
      </object_component>
      <object_component id="oc-6c">
         <name>.debug_abbrev</name>
         <load_address>0x4a6</load_address>
         <run_address>0x4a6</run_address>
         <size>0x29</size>
         <input_file_ref idref="fl-c0"/>
      </object_component>
      <object_component id="oc-9e">
         <name>.debug_abbrev</name>
         <load_address>0x4cf</load_address>
         <run_address>0x4cf</run_address>
         <size>0x55</size>
         <input_file_ref idref="fl-c0"/>
      </object_component>
      <object_component id="oc-be">
         <name>.debug_abbrev</name>
         <load_address>0x524</load_address>
         <run_address>0x524</run_address>
         <size>0x55</size>
         <input_file_ref idref="fl-c4"/>
      </object_component>
      <object_component id="oc-10f">
         <name>.debug_abbrev</name>
         <load_address>0x579</load_address>
         <run_address>0x579</run_address>
         <size>0x45</size>
         <input_file_ref idref="fl-c6"/>
      </object_component>
      <object_component id="oc-18c">
         <name>.debug_abbrev</name>
         <load_address>0x5be</load_address>
         <run_address>0x5be</run_address>
         <size>0xf</size>
      </object_component>
      <object_component id="oc-109">
         <name>.debug_str</name>
         <load_address>0x0</load_address>
         <run_address>0x0</run_address>
         <size>0x490</size>
         <input_file_ref idref="fl-1"/>
      </object_component>
      <object_component id="oc-75">
         <name>.debug_str</name>
         <load_address>0x490</load_address>
         <run_address>0x490</run_address>
         <size>0x2bb</size>
         <input_file_ref idref="fl-1"/>
      </object_component>
      <object_component id="oc-104">
         <name>.debug_str</name>
         <load_address>0x74b</load_address>
         <run_address>0x74b</run_address>
         <size>0x15d4</size>
         <input_file_ref idref="fl-1"/>
      </object_component>
      <object_component id="oc-3b">
         <name>.debug_str</name>
         <load_address>0x1d1f</load_address>
         <run_address>0x1d1f</run_address>
         <size>0xff</size>
         <input_file_ref idref="fl-1"/>
      </object_component>
      <object_component id="oc-ad">
         <name>.debug_str</name>
         <load_address>0x1e1e</load_address>
         <run_address>0x1e1e</run_address>
         <size>0x351</size>
         <input_file_ref idref="fl-1"/>
      </object_component>
      <object_component id="oc-10e">
         <name>.debug_str</name>
         <load_address>0x216f</load_address>
         <run_address>0x216f</run_address>
         <size>0x153</size>
         <input_file_ref idref="fl-1"/>
      </object_component>
      <object_component id="oc-106">
         <name>.debug_pubtypes</name>
         <load_address>0x0</load_address>
         <run_address>0x0</run_address>
         <size>0xdd</size>
         <input_file_ref idref="fl-1"/>
      </object_component>
      <object_component id="oc-72">
         <name>.debug_pubtypes</name>
         <load_address>0xdd</load_address>
         <run_address>0xdd</run_address>
         <size>0x25c</size>
         <input_file_ref idref="fl-1"/>
      </object_component>
      <object_component id="oc-101">
         <name>.debug_pubtypes</name>
         <load_address>0x339</load_address>
         <run_address>0x339</run_address>
         <size>0x2ce</size>
         <input_file_ref idref="fl-1"/>
      </object_component>
      <object_component id="oc-38">
         <name>.debug_pubtypes</name>
         <load_address>0x607</load_address>
         <run_address>0x607</run_address>
         <size>0xed</size>
         <input_file_ref idref="fl-1"/>
      </object_component>
      <object_component id="oc-aa">
         <name>.debug_pubtypes</name>
         <load_address>0x6f4</load_address>
         <run_address>0x6f4</run_address>
         <size>0x330</size>
         <input_file_ref idref="fl-1"/>
      </object_component>
      <object_component id="oc-10b">
         <name>.debug_pubtypes</name>
         <load_address>0xa24</load_address>
         <run_address>0xa24</run_address>
         <size>0xaa</size>
         <input_file_ref idref="fl-1"/>
      </object_component>
      <object_component id="oc-9c">
         <name>.debug_frame</name>
         <load_address>0x0</load_address>
         <run_address>0x0</run_address>
         <size>0x54</size>
         <input_file_ref idref="fl-2"/>
      </object_component>
      <object_component id="oc-2d">
         <name>.debug_frame</name>
         <load_address>0x54</load_address>
         <run_address>0x54</run_address>
         <size>0x478</size>
         <input_file_ref idref="fl-3"/>
      </object_component>
      <object_component id="oc-59">
         <name>.debug_frame</name>
         <load_address>0x4cc</load_address>
         <run_address>0x4cc</run_address>
         <size>0x50</size>
         <input_file_ref idref="fl-c0"/>
      </object_component>
      <object_component id="oc-96">
         <name>.debug_frame</name>
         <load_address>0x51c</load_address>
         <run_address>0x51c</run_address>
         <size>0x54</size>
         <input_file_ref idref="fl-c4"/>
      </object_component>
      <object_component id="oc-c5">
         <name>.debug_frame</name>
         <load_address>0x570</load_address>
         <run_address>0x570</run_address>
         <size>0x54</size>
         <input_file_ref idref="fl-c6"/>
      </object_component>
      <object_component id="oc-99">
         <name>.debug_aranges</name>
         <load_address>0x0</load_address>
         <run_address>0x0</run_address>
         <size>0x20</size>
         <input_file_ref idref="fl-2"/>
      </object_component>
      <object_component id="oc-2a">
         <name>.debug_aranges</name>
         <load_address>0x20</load_address>
         <run_address>0x20</run_address>
         <size>0x1c8</size>
         <input_file_ref idref="fl-3"/>
      </object_component>
      <object_component id="oc-56">
         <name>.debug_aranges</name>
         <load_address>0x1e8</load_address>
         <run_address>0x1e8</run_address>
         <size>0x20</size>
         <input_file_ref idref="fl-c0"/>
      </object_component>
      <object_component id="oc-93">
         <name>.debug_aranges</name>
         <load_address>0x208</load_address>
         <run_address>0x208</run_address>
         <size>0x20</size>
         <input_file_ref idref="fl-c4"/>
      </object_component>
      <object_component id="oc-c2">
         <name>.debug_aranges</name>
         <load_address>0x228</load_address>
         <run_address>0x228</run_address>
         <size>0x20</size>
         <input_file_ref idref="fl-c6"/>
      </object_component>
      <object_component id="oc-9a">
         <name>.debug_pubnames</name>
         <load_address>0x0</load_address>
         <run_address>0x0</run_address>
         <size>0x1b</size>
         <input_file_ref idref="fl-2"/>
      </object_component>
      <object_component id="oc-15">
         <name>.debug_pubnames</name>
         <load_address>0x1b</load_address>
         <run_address>0x1b</run_address>
         <size>0x27</size>
         <input_file_ref idref="fl-3"/>
      </object_component>
      <object_component id="oc-2b">
         <name>.debug_pubnames</name>
         <load_address>0x42</load_address>
         <run_address>0x42</run_address>
         <size>0x474</size>
         <input_file_ref idref="fl-3"/>
      </object_component>
      <object_component id="oc-27">
         <name>.debug_pubnames</name>
         <load_address>0x4b6</load_address>
         <run_address>0x4b6</run_address>
         <size>0x1e</size>
         <input_file_ref idref="fl-c0"/>
      </object_component>
      <object_component id="oc-57">
         <name>.debug_pubnames</name>
         <load_address>0x4d4</load_address>
         <run_address>0x4d4</run_address>
         <size>0x2d</size>
         <input_file_ref idref="fl-c0"/>
      </object_component>
      <object_component id="oc-94">
         <name>.debug_pubnames</name>
         <load_address>0x501</load_address>
         <run_address>0x501</run_address>
         <size>0x27</size>
         <input_file_ref idref="fl-c4"/>
      </object_component>
      <object_component id="oc-c3">
         <name>.debug_pubnames</name>
         <load_address>0x528</load_address>
         <run_address>0x528</run_address>
         <size>0x1c</size>
         <input_file_ref idref="fl-c6"/>
      </object_component>
   </object_component_list>
   <logical_group_list>
      <logical_group id="lg-4" display="no" color="cyan">
         <name>.intvecs</name>
         <load_address>0x0</load_address>
         <run_address>0x0</run_address>
         <size>0x144</size>
         <contents>
            <object_component_ref idref="oc-13"/>
         </contents>
      </logical_group>
      <logical_group id="lg-5" display="no" color="cyan">
         <name>.text</name>
         <load_address>0x144</load_address>
         <run_address>0x144</run_address>
         <size>0xd0</size>
         <contents>
            <object_component_ref idref="oc-28"/>
            <object_component_ref idref="oc-97"/>
            <object_component_ref idref="oc-54"/>
            <object_component_ref idref="oc-91"/>
            <object_component_ref idref="oc-c0"/>
         </contents>
      </logical_group>
      <logical_group id="lg-6" display="no" color="cyan">
         <name>.const</name>
         <run_address>0x0</run_address>
         <size>0x0</size>
         <contents>
         </contents>
      </logical_group>
      <logical_group id="lg-7" display="no" color="cyan">
         <name>.cinit</name>
         <run_address>0x0</run_address>
         <size>0x0</size>
         <contents>
         </contents>
      </logical_group>
      <logical_group id="lg-8" display="no" color="cyan">
         <name>.pinit</name>
         <run_address>0x0</run_address>
         <size>0x0</size>
         <contents>
         </contents>
      </logical_group>
      <logical_group id="lg-9" display="no" color="cyan">
         <name>.flashMailbox</name>
         <run_address>0x0</run_address>
         <size>0x0</size>
         <contents>
         </contents>
      </logical_group>
      <logical_group id="lg-a" display="no" color="cyan">
         <name>.vtable</name>
         <run_address>0x0</run_address>
         <size>0x0</size>
         <contents>
         </contents>
      </logical_group>
      <logical_group id="lg-b" display="no" color="cyan">
         <name>.data</name>
         <run_address>0x0</run_address>
         <size>0x0</size>
         <contents>
         </contents>
      </logical_group>
      <logical_group id="lg-c" display="no" color="cyan">
         <name>.bss</name>
         <run_address>0x0</run_address>
         <size>0x0</size>
         <contents>
         </contents>
      </logical_group>
      <logical_group id="lg-d" display="no" color="cyan">
         <name>.sysmem</name>
         <run_address>0x0</run_address>
         <size>0x0</size>
         <contents>
         </contents>
      </logical_group>
      <logical_group id="lg-e" display="no" color="cyan">
         <name>.stack</name>
         <run_address>0x2000fe00</run_address>
         <size>0x200</size>
         <contents>
            <object_component_ref idref="oc-25"/>
            <object_component_ref idref="oc-18a"/>
         </contents>
      </logical_group>
      <logical_group id="lg-15f" display="no" color="cyan">
         <name>.TI.noinit</name>
         <run_address>0x0</run_address>
         <size>0x0</size>
         <contents>
         </contents>
      </logical_group>
      <logical_group id="lg-160" display="no" color="cyan">
         <name>.TI.persistent</name>
         <run_address>0x0</run_address>
         <size>0x0</size>
         <contents>
         </contents>
      </logical_group>
      <logical_group id="lg-161" display="no" color="cyan">
         <name>__llvm_prf_cnts</name>
         <run_address>0x20000000</run_address>
         <size>0x0</size>
         <contents>
         </contents>
      </logical_group>
      <logical_group id="lg-170" display="never" color="cyan">
         <name>.debug_info</name>
         <load_address>0x0</load_address>
         <run_address>0x0</run_address>
         <size>0x7491</size>
         <contents>
            <object_component_ref idref="oc-ae"/>
            <object_component_ref idref="oc-105"/>
            <object_component_ref idref="oc-71"/>
            <object_component_ref idref="oc-100"/>
            <object_component_ref idref="oc-37"/>
            <object_component_ref idref="oc-a9"/>
            <object_component_ref idref="oc-10a"/>
            <object_component_ref idref="oc-98"/>
            <object_component_ref idref="oc-30"/>
            <object_component_ref idref="oc-14"/>
            <object_component_ref idref="oc-29"/>
            <object_component_ref idref="oc-26"/>
            <object_component_ref idref="oc-55"/>
            <object_component_ref idref="oc-92"/>
            <object_component_ref idref="oc-c1"/>
            <object_component_ref idref="oc-18b"/>
         </contents>
      </logical_group>
      <logical_group id="lg-172" display="never" color="cyan">
         <name>.debug_line</name>
         <load_address>0x0</load_address>
         <run_address>0x0</run_address>
         <size>0x982</size>
         <contents>
            <object_component_ref idref="oc-ff"/>
            <object_component_ref idref="oc-108"/>
            <object_component_ref idref="oc-74"/>
            <object_component_ref idref="oc-103"/>
            <object_component_ref idref="oc-3a"/>
            <object_component_ref idref="oc-ac"/>
            <object_component_ref idref="oc-10d"/>
            <object_component_ref idref="oc-9b"/>
            <object_component_ref idref="oc-70"/>
            <object_component_ref idref="oc-2f"/>
            <object_component_ref idref="oc-2c"/>
            <object_component_ref idref="oc-6d"/>
            <object_component_ref idref="oc-58"/>
            <object_component_ref idref="oc-95"/>
            <object_component_ref idref="oc-c4"/>
         </contents>
      </logical_group>
      <logical_group id="lg-174" display="never" color="cyan">
         <name>.debug_abbrev</name>
         <load_address>0x0</load_address>
         <run_address>0x0</run_address>
         <size>0x5cd</size>
         <contents>
            <object_component_ref idref="oc-fe"/>
            <object_component_ref idref="oc-107"/>
            <object_component_ref idref="oc-73"/>
            <object_component_ref idref="oc-102"/>
            <object_component_ref idref="oc-39"/>
            <object_component_ref idref="oc-ab"/>
            <object_component_ref idref="oc-10c"/>
            <object_component_ref idref="oc-bf"/>
            <object_component_ref idref="oc-6f"/>
            <object_component_ref idref="oc-2e"/>
            <object_component_ref idref="oc-6e"/>
            <object_component_ref idref="oc-6c"/>
            <object_component_ref idref="oc-9e"/>
            <object_component_ref idref="oc-be"/>
            <object_component_ref idref="oc-10f"/>
            <object_component_ref idref="oc-18c"/>
         </contents>
      </logical_group>
      <logical_group id="lg-176" display="never" color="cyan">
         <name>.debug_str</name>
         <load_address>0x0</load_address>
         <run_address>0x0</run_address>
         <size>0x22c2</size>
         <contents>
            <object_component_ref idref="oc-109"/>
            <object_component_ref idref="oc-75"/>
            <object_component_ref idref="oc-104"/>
            <object_component_ref idref="oc-3b"/>
            <object_component_ref idref="oc-ad"/>
            <object_component_ref idref="oc-10e"/>
         </contents>
      </logical_group>
      <logical_group id="lg-178" display="never" color="cyan">
         <name>.debug_pubtypes</name>
         <load_address>0x0</load_address>
         <run_address>0x0</run_address>
         <size>0xace</size>
         <contents>
            <object_component_ref idref="oc-106"/>
            <object_component_ref idref="oc-72"/>
            <object_component_ref idref="oc-101"/>
            <object_component_ref idref="oc-38"/>
            <object_component_ref idref="oc-aa"/>
            <object_component_ref idref="oc-10b"/>
         </contents>
      </logical_group>
      <logical_group id="lg-17a" display="never" color="cyan">
         <name>.debug_frame</name>
         <load_address>0x0</load_address>
         <run_address>0x0</run_address>
         <size>0x5c4</size>
         <contents>
            <object_component_ref idref="oc-9c"/>
            <object_component_ref idref="oc-2d"/>
            <object_component_ref idref="oc-59"/>
            <object_component_ref idref="oc-96"/>
            <object_component_ref idref="oc-c5"/>
         </contents>
      </logical_group>
      <logical_group id="lg-17c" display="never" color="cyan">
         <name>.debug_aranges</name>
         <load_address>0x0</load_address>
         <run_address>0x0</run_address>
         <size>0x248</size>
         <contents>
            <object_component_ref idref="oc-99"/>
            <object_component_ref idref="oc-2a"/>
            <object_component_ref idref="oc-56"/>
            <object_component_ref idref="oc-93"/>
            <object_component_ref idref="oc-c2"/>
         </contents>
      </logical_group>
      <logical_group id="lg-17e" display="never" color="cyan">
         <name>.debug_pubnames</name>
         <load_address>0x0</load_address>
         <run_address>0x0</run_address>
         <size>0x544</size>
         <contents>
            <object_component_ref idref="oc-9a"/>
            <object_component_ref idref="oc-15"/>
            <object_component_ref idref="oc-2b"/>
            <object_component_ref idref="oc-27"/>
            <object_component_ref idref="oc-57"/>
            <object_component_ref idref="oc-94"/>
            <object_component_ref idref="oc-c3"/>
         </contents>
      </logical_group>
      <logical_group id="lg-189" display="no" color="cyan">
         <name>Veneer$$CMSE</name>
         <run_address>0x0</run_address>
         <size>0x0</size>
         <contents>
         </contents>
      </logical_group>
      <load_segment id="lg-18d" display="no" color="cyan">
         <name>SEGMENT_0</name>
         <load_address>0x0</load_address>
         <run_address>0x0</run_address>
         <size>0x214</size>
         <flags>0x5</flags>
         <contents>
            <logical_group_ref idref="lg-4"/>
            <logical_group_ref idref="lg-5"/>
         </contents>
      </load_segment>
      <load_segment id="lg-18e" display="no" color="cyan">
         <name>SEGMENT_1</name>
         <run_address>0x2000fe00</run_address>
         <size>0x200</size>
         <flags>0x6</flags>
         <contents>
            <logical_group_ref idref="lg-e"/>
         </contents>
      </load_segment>
   </logical_group_list>
   <placement_map>
      <memory_area display="yes" color="green">
         <name>MAIN</name>
         <page_id>0x0</page_id>
         <origin>0x0</origin>
         <length>0x40000</length>
         <used_space>0x214</used_space>
         <unused_space>0x3fdec</unused_space>
         <attributes>RX</attributes>
         <usage_details>
            <allocated_space>
               <start_address>0x0</start_address>
               <size>0x144</size>
               <logical_group_ref idref="lg-4"/>
            </allocated_space>
            <allocated_space>
               <start_address>0x144</start_address>
               <size>0xd0</size>
               <logical_group_ref idref="lg-5"/>
            </allocated_space>
            <available_space>
               <start_address>0x214</start_address>
               <size>0x3fdec</size>
            </available_space>
         </usage_details>
      </memory_area>
      <memory_area display="yes" color="green">
         <name>INFO</name>
         <page_id>0x0</page_id>
         <origin>0x200000</origin>
         <length>0x4000</length>
         <used_space>0x0</used_space>
         <unused_space>0x4000</unused_space>
         <attributes>RX</attributes>
         <usage_details>
         </usage_details>
      </memory_area>
      <memory_area display="yes" color="green">
         <name>SRAM_CODE</name>
         <page_id>0x0</page_id>
         <origin>0x1000000</origin>
         <length>0x10000</length>
         <used_space>0x0</used_space>
         <unused_space>0x10000</unused_space>
         <attributes>RWX</attributes>
         <usage_details>
         </usage_details>
      </memory_area>
      <memory_area display="yes" color="green">
         <name>SRAM_DATA</name>
         <page_id>0x0</page_id>
         <origin>0x20000000</origin>
         <length>0x10000</length>
         <used_space>0x200</used_space>
         <unused_space>0xfe00</unused_space>
         <attributes>RW</attributes>
         <usage_details>
            <allocated_space>
               <start_address>0x20000000</start_address>
               <size>0x0</size>
               <logical_group_ref idref="lg-161"/>
            </allocated_space>
            <available_space>
               <start_address>0x20000000</start_address>
               <size>0xfe00</size>
            </available_space>
            <allocated_space>
               <start_address>0x2000fe00</start_address>
               <size>0x200</size>
               <logical_group_ref idref="lg-e"/>
            </allocated_space>
         </usage_details>
      </memory_area>
   </placement_map>
   <symbol_table>
      <symbol id="sm-1">
         <name>WDTCTL_SYM</name>
         <value>0x4000480c</value>
      </symbol>
      <symbol id="sm-2">
         <name>__start___llvm_prf_cnts</name>
         <value>0x20000000</value>
      </symbol>
      <symbol id="sm-3">
         <name>__stop___llvm_prf_cnts</name>
         <value>0x20000000</value>
      </symbol>
      <symbol id="sm-4">
         <name>binit</name>
         <value>0xffffffff</value>
      </symbol>
      <symbol id="sm-5">
         <name>__binit__</name>
         <value>0xffffffff</value>
      </symbol>
      <symbol id="sm-6">
         <name>__STACK_SIZE</name>
         <value>0x200</value>
      </symbol>
      <symbol id="sm-7">
         <name>__STACK_END</name>
         <value>0x20010000</value>
      </symbol>
      <symbol id="sm-8">
         <name>__c_args__</name>
         <value>0xffffffff</value>
      </symbol>
      <symbol id="sm-9">
         <name>__TI_pprof_out_hndl</name>
         <value>0xffffffff</value>
      </symbol>
      <symbol id="sm-a">
         <name>__TI_prof_data_start</name>
         <value>0xffffffff</value>
      </symbol>
      <symbol id="sm-b">
         <name>__TI_prof_data_size</name>
         <value>0xffffffff</value>
      </symbol>
      <symbol id="sm-c">
         <name>__TI_static_base__</name>
         <value>0x0</value>
      </symbol>
      <symbol id="sm-4f">
         <name>main</name>
         <value>0x1df</value>
         <object_component_ref idref="oc-97"/>
      </symbol>
      <symbol id="sm-cf">
         <name>T32_INT2_IRQHandler</name>
         <value>0x19d</value>
         <object_component_ref idref="oc-28"/>
      </symbol>
      <symbol id="sm-d0">
         <name>PendSV_Handler</name>
         <value>0x165</value>
         <object_component_ref idref="oc-28"/>
      </symbol>
      <symbol id="sm-d1">
         <name>SysTick_Handler</name>
         <value>0x167</value>
         <object_component_ref idref="oc-28"/>
      </symbol>
      <symbol id="sm-d2">
         <name>EUSCIA3_IRQHandler</name>
         <value>0x18f</value>
         <object_component_ref idref="oc-28"/>
      </symbol>
      <symbol id="sm-d3">
         <name>SVC_Handler</name>
         <value>0x161</value>
         <object_component_ref idref="oc-28"/>
      </symbol>
      <symbol id="sm-d4">
         <name>EUSCIB1_IRQHandler</name>
         <value>0x193</value>
         <object_component_ref idref="oc-28"/>
      </symbol>
      <symbol id="sm-d5">
         <name>PORT4_IRQHandler</name>
         <value>0x1b5</value>
         <object_component_ref idref="oc-28"/>
      </symbol>
      <symbol id="sm-d6">
         <name>AES256_IRQHandler</name>
         <value>0x1a1</value>
         <object_component_ref idref="oc-28"/>
      </symbol>
      <symbol id="sm-d7">
         <name>FPU_IRQHandler</name>
         <value>0x171</value>
         <object_component_ref idref="oc-28"/>
      </symbol>
      <symbol id="sm-d8">
         <name>EUSCIB2_IRQHandler</name>
         <value>0x195</value>
         <object_component_ref idref="oc-28"/>
      </symbol>
      <symbol id="sm-d9">
         <name>PORT1_IRQHandler</name>
         <value>0x1af</value>
         <object_component_ref idref="oc-28"/>
      </symbol>
      <symbol id="sm-da">
         <name>RTC_C_IRQHandler</name>
         <value>0x1a3</value>
         <object_component_ref idref="oc-28"/>
      </symbol>
      <symbol id="sm-db">
         <name>TA2_0_IRQHandler</name>
         <value>0x181</value>
         <object_component_ref idref="oc-28"/>
      </symbol>
      <symbol id="sm-dc">
         <name>TA3_N_IRQHandler</name>
         <value>0x187</value>
         <object_component_ref idref="oc-28"/>
      </symbol>
      <symbol id="sm-dd">
         <name>DMA_INT3_IRQHandler</name>
         <value>0x1a7</value>
         <object_component_ref idref="oc-28"/>
      </symbol>
      <symbol id="sm-de">
         <name>PORT2_IRQHandler</name>
         <value>0x1b1</value>
         <object_component_ref idref="oc-28"/>
      </symbol>
      <symbol id="sm-df">
         <name>StartCritical</name>
         <value>0x1c7</value>
         <object_component_ref idref="oc-28"/>
      </symbol>
      <symbol id="sm-e0">
         <name>TA0_0_IRQHandler</name>
         <value>0x179</value>
         <object_component_ref idref="oc-28"/>
      </symbol>
      <symbol id="sm-e1">
         <name>PSS_IRQHandler</name>
         <value>0x169</value>
         <object_component_ref idref="oc-28"/>
      </symbol>
      <symbol id="sm-e2">
         <name>TA1_N_IRQHandler</name>
         <value>0x17f</value>
         <object_component_ref idref="oc-28"/>
      </symbol>
      <symbol id="sm-e3">
         <name>EUSCIA1_IRQHandler</name>
         <value>0x18b</value>
         <object_component_ref idref="oc-28"/>
      </symbol>
      <symbol id="sm-e4">
         <name>EUSCIA2_IRQHandler</name>
         <value>0x18d</value>
         <object_component_ref idref="oc-28"/>
      </symbol>
      <symbol id="sm-e5">
         <name>COMP_E0_IRQHandler</name>
         <value>0x175</value>
         <object_component_ref idref="oc-28"/>
      </symbol>
      <symbol id="sm-e6">
         <name>WDT_A_IRQHandler</name>
         <value>0x16f</value>
         <object_component_ref idref="oc-28"/>
      </symbol>
      <symbol id="sm-e7">
         <name>EUSCIB0_IRQHandler</name>
         <value>0x191</value>
         <object_component_ref idref="oc-28"/>
      </symbol>
      <symbol id="sm-e8">
         <name>FLCTL_IRQHandler</name>
         <value>0x173</value>
         <object_component_ref idref="oc-28"/>
      </symbol>
      <symbol id="sm-e9">
         <name>EndCritical</name>
         <value>0x1d1</value>
         <object_component_ref idref="oc-28"/>
      </symbol>
      <symbol id="sm-ea">
         <name>DMA_INT1_IRQHandler</name>
         <value>0x1ab</value>
         <object_component_ref idref="oc-28"/>
      </symbol>
      <symbol id="sm-eb">
         <name>PCM_IRQHandler</name>
         <value>0x16d</value>
         <object_component_ref idref="oc-28"/>
      </symbol>
      <symbol id="sm-ec">
         <name>ADC14_IRQHandler</name>
         <value>0x199</value>
         <object_component_ref idref="oc-28"/>
      </symbol>
      <symbol id="sm-ed">
         <name>T32_INTC_IRQHandler</name>
         <value>0x19f</value>
         <object_component_ref idref="oc-28"/>
      </symbol>
      <symbol id="sm-ee">
         <name>DMA_INT2_IRQHandler</name>
         <value>0x1a9</value>
         <object_component_ref idref="oc-28"/>
      </symbol>
      <symbol id="sm-ef">
         <name>TA3_0_IRQHandler</name>
         <value>0x185</value>
         <object_component_ref idref="oc-28"/>
      </symbol>
      <symbol id="sm-f0">
         <name>EUSCIA0_IRQHandler</name>
         <value>0x189</value>
         <object_component_ref idref="oc-28"/>
      </symbol>
      <symbol id="sm-f1">
         <name>DMA_ERR_IRQHandler</name>
         <value>0x1a5</value>
         <object_component_ref idref="oc-28"/>
      </symbol>
      <symbol id="sm-f2">
         <name>DisableInterrupts</name>
         <value>0x1bb</value>
         <object_component_ref idref="oc-28"/>
      </symbol>
      <symbol id="sm-f3">
         <name>PORT5_IRQHandler</name>
         <value>0x1b7</value>
         <object_component_ref idref="oc-28"/>
      </symbol>
      <symbol id="sm-f4">
         <name>TA1_0_IRQHandler</name>
         <value>0x17d</value>
         <object_component_ref idref="oc-28"/>
      </symbol>
      <symbol id="sm-f5">
         <name>TA2_N_IRQHandler</name>
         <value>0x183</value>
         <object_component_ref idref="oc-28"/>
      </symbol>
      <symbol id="sm-f6">
         <name>COMP_E1_IRQHandler</name>
         <value>0x177</value>
         <object_component_ref idref="oc-28"/>
      </symbol>
      <symbol id="sm-f7">
         <name>EUSCIB3_IRQHandler</name>
         <value>0x197</value>
         <object_component_ref idref="oc-28"/>
      </symbol>
      <symbol id="sm-f8">
         <name>WaitForInterrupt</name>
         <value>0x1d9</value>
         <object_component_ref idref="oc-28"/>
      </symbol>
      <symbol id="sm-f9">
         <name>interruptVectors</name>
         <value>0x0</value>
         <object_component_ref idref="oc-13"/>
      </symbol>
      <symbol id="sm-fa">
         <name>EnableInterrupts</name>
         <value>0x1c1</value>
         <object_component_ref idref="oc-28"/>
      </symbol>
      <symbol id="sm-fb">
         <name>PORT6_IRQHandler</name>
         <value>0x1b9</value>
         <object_component_ref idref="oc-28"/>
      </symbol>
      <symbol id="sm-fc">
         <name>TA0_N_IRQHandler</name>
         <value>0x17b</value>
         <object_component_ref idref="oc-28"/>
      </symbol>
      <symbol id="sm-fd">
         <name>T32_INT1_IRQHandler</name>
         <value>0x19b</value>
         <object_component_ref idref="oc-28"/>
      </symbol>
      <symbol id="sm-fe">
         <name>DebugMon_Handler</name>
         <value>0x163</value>
         <object_component_ref idref="oc-28"/>
      </symbol>
      <symbol id="sm-ff">
         <name>DMA_INT0_IRQHandler</name>
         <value>0x1ad</value>
         <object_component_ref idref="oc-28"/>
      </symbol>
      <symbol id="sm-100">
         <name>PORT3_IRQHandler</name>
         <value>0x1b3</value>
         <object_component_ref idref="oc-28"/>
      </symbol>
      <symbol id="sm-101">
         <name>CS_IRQHandler</name>
         <value>0x16b</value>
         <object_component_ref idref="oc-28"/>
      </symbol>
      <symbol id="sm-117">
         <name>_c_int00_noinit_noargs</name>
         <value>0x1e1</value>
         <object_component_ref idref="oc-54"/>
      </symbol>
      <symbol id="sm-118">
         <name>__stack</name>
         <value>0x2000fe00</value>
         <object_component_ref idref="oc-25"/>
      </symbol>
      <symbol id="sm-125">
         <name>_system_pre_init</name>
         <value>0x20d</value>
         <object_component_ref idref="oc-91"/>
      </symbol>
      <symbol id="sm-131">
         <name>C$$EXIT</name>
         <value>0x211</value>
         <object_component_ref idref="oc-c0"/>
      </symbol>
      <symbol id="sm-132">
         <name>abort</name>
         <value>0x211</value>
         <object_component_ref idref="oc-c0"/>
      </symbol>
      <symbol id="sm-135">
         <name>__mpu_init</name>
         <value>0x0</value>
      </symbol>
   </symbol_table>
   <title>Link successful</title>
</link_info>
