<?xml version="1.0" encoding="ISO-8859-1" ?>
<link_info>
   <banner>TI ARM Linker Unix v20.2.7.LTS</banner>
   <copyright>Copyright (c) 1996-2018 Texas Instruments Incorporated</copyright>
   <link_time>0x64054824</link_time>
   <link_errors>0x0</link_errors>
   <output_file>Lab3Part1_MSP432.out</output_file>
   <entry_point>
      <name>_c_int00_noinit_noargs</name>
      <address>0xacd</address>
   </entry_point>
   <input_file_list>
      <input_file id="fl-1">
         <path>./</path>
         <kind>object</kind>
         <file>SysTick.obj</file>
         <name>SysTick.obj</name>
      </input_file>
      <input_file id="fl-2">
         <path>./</path>
         <kind>object</kind>
         <file>main.obj</file>
         <name>main.obj</name>
      </input_file>
      <input_file id="fl-3">
         <path>./</path>
         <kind>object</kind>
         <file>msp432_startup_ccs.obj</file>
         <name>msp432_startup_ccs.obj</name>
      </input_file>
      <input_file id="fl-7">
         <kind>object</kind>
         <file>&lt;internal&gt;</file>
         <name>&lt;internal&gt;</name>
      </input_file>
      <input_file id="fl-bd">
         <path>/Applications/ti/ccs1210/ccs/tools/compiler/ti-cgt-arm_20.2.7.LTS/lib/</path>
         <kind>archive</kind>
         <file>rtsv7M4_T_le_v4SPD16_eabi.lib</file>
         <name>copy_zero_init.c.obj</name>
      </input_file>
      <input_file id="fl-be">
         <path>/Applications/ti/ccs1210/ccs/tools/compiler/ti-cgt-arm_20.2.7.LTS/lib/</path>
         <kind>archive</kind>
         <file>rtsv7M4_T_le_v4SPD16_eabi.lib</file>
         <name>copy_decompress_none.c.obj</name>
      </input_file>
      <input_file id="fl-bf">
         <path>/Applications/ti/ccs1210/ccs/tools/compiler/ti-cgt-arm_20.2.7.LTS/lib/</path>
         <kind>archive</kind>
         <file>rtsv7M4_T_le_v4SPD16_eabi.lib</file>
         <name>copy_decompress_lzss.c.obj</name>
      </input_file>
      <input_file id="fl-c0">
         <path>/Applications/ti/ccs1210/ccs/tools/compiler/ti-cgt-arm_20.2.7.LTS/lib/</path>
         <kind>archive</kind>
         <file>rtsv7M4_T_le_v4SPD16_eabi.lib</file>
         <name>boot_cortex_m.c.obj</name>
      </input_file>
      <input_file id="fl-c1">
         <path>/Applications/ti/ccs1210/ccs/tools/compiler/ti-cgt-arm_20.2.7.LTS/lib/</path>
         <kind>archive</kind>
         <file>rtsv7M4_T_le_v4SPD16_eabi.lib</file>
         <name>memcpy_t2.asm.obj</name>
      </input_file>
      <input_file id="fl-c2">
         <path>/Applications/ti/ccs1210/ccs/tools/compiler/ti-cgt-arm_20.2.7.LTS/lib/</path>
         <kind>archive</kind>
         <file>rtsv7M4_T_le_v4SPD16_eabi.lib</file>
         <name>memset_t2.asm.obj</name>
      </input_file>
      <input_file id="fl-c3">
         <path>/Applications/ti/ccs1210/ccs/tools/compiler/ti-cgt-arm_20.2.7.LTS/lib/</path>
         <kind>archive</kind>
         <file>rtsv7M4_T_le_v4SPD16_eabi.lib</file>
         <name>autoinit.c.obj</name>
      </input_file>
      <input_file id="fl-c4">
         <path>/Applications/ti/ccs1210/ccs/tools/compiler/ti-cgt-arm_20.2.7.LTS/lib/</path>
         <kind>archive</kind>
         <file>rtsv7M4_T_le_v4SPD16_eabi.lib</file>
         <name>pre_init.c.obj</name>
      </input_file>
      <input_file id="fl-c5">
         <path>/Applications/ti/ccs1210/ccs/tools/compiler/ti-cgt-arm_20.2.7.LTS/lib/</path>
         <kind>archive</kind>
         <file>rtsv7M4_T_le_v4SPD16_eabi.lib</file>
         <name>cpy_tbl.c.obj</name>
      </input_file>
      <input_file id="fl-c6">
         <path>/Applications/ti/ccs1210/ccs/tools/compiler/ti-cgt-arm_20.2.7.LTS/lib/</path>
         <kind>archive</kind>
         <file>rtsv7M4_T_le_v4SPD16_eabi.lib</file>
         <name>exit.c.obj</name>
      </input_file>
      <input_file id="fl-c7">
         <path>/Applications/ti/ccs1210/ccs/tools/compiler/ti-cgt-arm_20.2.7.LTS/lib/</path>
         <kind>archive</kind>
         <file>rtsv7M4_T_le_v4SPD16_eabi.lib</file>
         <name>_lock.c.obj</name>
      </input_file>
      <input_file id="fl-c8">
         <path>/Applications/ti/ccs1210/ccs/tools/compiler/ti-cgt-arm_20.2.7.LTS/lib/</path>
         <kind>archive</kind>
         <file>rtsv7M4_T_le_v4SPD16_eabi.lib</file>
         <name>args_main.c.obj</name>
      </input_file>
   </input_file_list>
   <object_component_list>
      <object_component id="oc-13">
         <name>.intvecs</name>
         <load_address>0x0</load_address>
         <run_address>0x0</run_address>
         <size>0x144</size>
         <input_file_ref idref="fl-3"/>
      </object_component>
      <object_component id="oc-97">
         <name>.text</name>
         <load_address>0x874</load_address>
         <run_address>0x874</run_address>
         <size>0x144</size>
         <input_file_ref idref="fl-2"/>
      </object_component>
      <object_component id="oc-28">
         <name>.text</name>
         <load_address>0x9b8</load_address>
         <run_address>0x9b8</run_address>
         <size>0x9a</size>
         <input_file_ref idref="fl-3"/>
      </object_component>
      <object_component id="oc-bf">
         <name>.text</name>
         <load_address>0xa54</load_address>
         <run_address>0xa54</run_address>
         <size>0x78</size>
         <input_file_ref idref="fl-1"/>
      </object_component>
      <object_component id="oc-54">
         <name>.text:_c_int00_noinit_noargs:_c_int00_noinit_noargs</name>
         <load_address>0xacc</load_address>
         <run_address>0xacc</run_address>
         <size>0x2c</size>
         <input_file_ref idref="fl-c0"/>
      </object_component>
      <object_component id="oc-91">
         <name>.text:_system_pre_init</name>
         <load_address>0xaf8</load_address>
         <run_address>0xaf8</run_address>
         <size>0x4</size>
         <input_file_ref idref="fl-c4"/>
      </object_component>
      <object_component id="oc-cf">
         <name>.text:abort:abort</name>
         <load_address>0xafc</load_address>
         <run_address>0xafc</run_address>
         <size>0x4</size>
         <input_file_ref idref="fl-c6"/>
      </object_component>
      <object_component id="oc-c5">
         <name>.const:FSM</name>
         <load_address>0x144</load_address>
         <run_address>0x144</run_address>
         <size>0x730</size>
         <input_file_ref idref="fl-2"/>
      </object_component>
      <object_component id="oc-25">
         <name>.stack</name>
         <uninitialized>true</uninitialized>
         <run_address>0x2000fe00</run_address>
         <size>0x4</size>
         <input_file_ref idref="fl-c0"/>
      </object_component>
      <object_component id="oc-19e">
         <name>.stack</name>
         <uninitialized>true</uninitialized>
         <run_address>0x2000fe00</run_address>
         <size>0x0</size>
      </object_component>
      <object_component id="oc-ae">
         <name>.debug_info</name>
         <load_address>0x0</load_address>
         <run_address>0x0</run_address>
         <size>0x530</size>
         <input_file_ref idref="fl-1"/>
      </object_component>
      <object_component id="oc-c0">
         <name>.debug_info</name>
         <load_address>0x530</load_address>
         <run_address>0x530</run_address>
         <size>0x228</size>
         <input_file_ref idref="fl-1"/>
      </object_component>
      <object_component id="oc-114">
         <name>.debug_info</name>
         <load_address>0x758</load_address>
         <run_address>0x758</run_address>
         <size>0x1055</size>
         <input_file_ref idref="fl-1"/>
      </object_component>
      <object_component id="oc-71">
         <name>.debug_info</name>
         <load_address>0x17ad</load_address>
         <run_address>0x17ad</run_address>
         <size>0x26b</size>
         <input_file_ref idref="fl-1"/>
      </object_component>
      <object_component id="oc-10f">
         <name>.debug_info</name>
         <load_address>0x1a18</load_address>
         <run_address>0x1a18</run_address>
         <size>0x37e2</size>
         <input_file_ref idref="fl-1"/>
      </object_component>
      <object_component id="oc-37">
         <name>.debug_info</name>
         <load_address>0x51fa</load_address>
         <run_address>0x51fa</run_address>
         <size>0x84</size>
         <input_file_ref idref="fl-1"/>
      </object_component>
      <object_component id="oc-a9">
         <name>.debug_info</name>
         <load_address>0x527e</load_address>
         <run_address>0x527e</run_address>
         <size>0x2a4</size>
         <input_file_ref idref="fl-1"/>
      </object_component>
      <object_component id="oc-c9">
         <name>.debug_info</name>
         <load_address>0x5522</load_address>
         <run_address>0x5522</run_address>
         <size>0xbb</size>
         <input_file_ref idref="fl-1"/>
      </object_component>
      <object_component id="oc-ce">
         <name>.debug_info</name>
         <load_address>0x55dd</load_address>
         <run_address>0x55dd</run_address>
         <size>0x5ad</size>
         <input_file_ref idref="fl-2"/>
      </object_component>
      <object_component id="oc-c6">
         <name>.debug_info</name>
         <load_address>0x5b8a</load_address>
         <run_address>0x5b8a</run_address>
         <size>0xcc</size>
         <input_file_ref idref="fl-2"/>
      </object_component>
      <object_component id="oc-99">
         <name>.debug_info</name>
         <load_address>0x5c56</load_address>
         <run_address>0x5c56</run_address>
         <size>0x19d</size>
         <input_file_ref idref="fl-2"/>
      </object_component>
      <object_component id="oc-11e">
         <name>.debug_info</name>
         <load_address>0x5df3</load_address>
         <run_address>0x5df3</run_address>
         <size>0x8a</size>
         <input_file_ref idref="fl-2"/>
      </object_component>
      <object_component id="oc-30">
         <name>.debug_info</name>
         <load_address>0x5e7d</load_address>
         <run_address>0x5e7d</run_address>
         <size>0x2ad</size>
         <input_file_ref idref="fl-3"/>
      </object_component>
      <object_component id="oc-14">
         <name>.debug_info</name>
         <load_address>0x612a</load_address>
         <run_address>0x612a</run_address>
         <size>0xf4</size>
         <input_file_ref idref="fl-3"/>
      </object_component>
      <object_component id="oc-29">
         <name>.debug_info</name>
         <load_address>0x621e</load_address>
         <run_address>0x621e</run_address>
         <size>0x16a0</size>
         <input_file_ref idref="fl-3"/>
      </object_component>
      <object_component id="oc-26">
         <name>.debug_info</name>
         <load_address>0x78be</load_address>
         <run_address>0x78be</run_address>
         <size>0x10b</size>
         <input_file_ref idref="fl-c0"/>
      </object_component>
      <object_component id="oc-55">
         <name>.debug_info</name>
         <load_address>0x79c9</load_address>
         <run_address>0x79c9</run_address>
         <size>0x1a2</size>
         <input_file_ref idref="fl-c0"/>
      </object_component>
      <object_component id="oc-92">
         <name>.debug_info</name>
         <load_address>0x7b6b</load_address>
         <run_address>0x7b6b</run_address>
         <size>0x153</size>
         <input_file_ref idref="fl-c4"/>
      </object_component>
      <object_component id="oc-d1">
         <name>.debug_info</name>
         <load_address>0x7cbe</load_address>
         <run_address>0x7cbe</run_address>
         <size>0x122</size>
         <input_file_ref idref="fl-c6"/>
      </object_component>
      <object_component id="oc-19f">
         <name>.debug_info</name>
         <load_address>0x7de0</load_address>
         <run_address>0x7de0</run_address>
         <size>0xa5</size>
      </object_component>
      <object_component id="oc-10e">
         <name>.debug_line</name>
         <load_address>0x0</load_address>
         <run_address>0x0</run_address>
         <size>0x20</size>
         <input_file_ref idref="fl-1"/>
      </object_component>
      <object_component id="oc-c3">
         <name>.debug_line</name>
         <load_address>0x20</load_address>
         <run_address>0x20</run_address>
         <size>0x92</size>
         <input_file_ref idref="fl-1"/>
      </object_component>
      <object_component id="oc-117">
         <name>.debug_line</name>
         <load_address>0xb2</load_address>
         <run_address>0xb2</run_address>
         <size>0x66</size>
         <input_file_ref idref="fl-1"/>
      </object_component>
      <object_component id="oc-74">
         <name>.debug_line</name>
         <load_address>0x118</load_address>
         <run_address>0x118</run_address>
         <size>0x7a</size>
         <input_file_ref idref="fl-1"/>
      </object_component>
      <object_component id="oc-112">
         <name>.debug_line</name>
         <load_address>0x192</load_address>
         <run_address>0x192</run_address>
         <size>0x63</size>
         <input_file_ref idref="fl-1"/>
      </object_component>
      <object_component id="oc-3a">
         <name>.debug_line</name>
         <load_address>0x1f5</load_address>
         <run_address>0x1f5</run_address>
         <size>0x20</size>
         <input_file_ref idref="fl-1"/>
      </object_component>
      <object_component id="oc-ac">
         <name>.debug_line</name>
         <load_address>0x215</load_address>
         <run_address>0x215</run_address>
         <size>0x7e</size>
         <input_file_ref idref="fl-1"/>
      </object_component>
      <object_component id="oc-cc">
         <name>.debug_line</name>
         <load_address>0x293</load_address>
         <run_address>0x293</run_address>
         <size>0x7b</size>
         <input_file_ref idref="fl-1"/>
      </object_component>
      <object_component id="oc-11d">
         <name>.debug_line</name>
         <load_address>0x30e</load_address>
         <run_address>0x30e</run_address>
         <size>0x30</size>
         <input_file_ref idref="fl-2"/>
      </object_component>
      <object_component id="oc-11b">
         <name>.debug_line</name>
         <load_address>0x33e</load_address>
         <run_address>0x33e</run_address>
         <size>0x2d</size>
         <input_file_ref idref="fl-2"/>
      </object_component>
      <object_component id="oc-9b">
         <name>.debug_line</name>
         <load_address>0x36b</load_address>
         <run_address>0x36b</run_address>
         <size>0x7f</size>
         <input_file_ref idref="fl-2"/>
      </object_component>
      <object_component id="oc-121">
         <name>.debug_line</name>
         <load_address>0x3ea</load_address>
         <run_address>0x3ea</run_address>
         <size>0x2d</size>
         <input_file_ref idref="fl-2"/>
      </object_component>
      <object_component id="oc-70">
         <name>.debug_line</name>
         <load_address>0x417</load_address>
         <run_address>0x417</run_address>
         <size>0x3b</size>
         <input_file_ref idref="fl-3"/>
      </object_component>
      <object_component id="oc-2f">
         <name>.debug_line</name>
         <load_address>0x452</load_address>
         <run_address>0x452</run_address>
         <size>0x3b</size>
         <input_file_ref idref="fl-3"/>
      </object_component>
      <object_component id="oc-2c">
         <name>.debug_line</name>
         <load_address>0x48d</load_address>
         <run_address>0x48d</run_address>
         <size>0x55a</size>
         <input_file_ref idref="fl-3"/>
      </object_component>
      <object_component id="oc-6d">
         <name>.debug_line</name>
         <load_address>0x9e7</load_address>
         <run_address>0x9e7</run_address>
         <size>0x33</size>
         <input_file_ref idref="fl-c0"/>
      </object_component>
      <object_component id="oc-58">
         <name>.debug_line</name>
         <load_address>0xa1a</load_address>
         <run_address>0xa1a</run_address>
         <size>0x48</size>
         <input_file_ref idref="fl-c0"/>
      </object_component>
      <object_component id="oc-95">
         <name>.debug_line</name>
         <load_address>0xa62</load_address>
         <run_address>0xa62</run_address>
         <size>0x40</size>
         <input_file_ref idref="fl-c4"/>
      </object_component>
      <object_component id="oc-d0">
         <name>.debug_line</name>
         <load_address>0xaa2</load_address>
         <run_address>0xaa2</run_address>
         <size>0x3c</size>
         <input_file_ref idref="fl-c6"/>
      </object_component>
      <object_component id="oc-c4">
         <name>.debug_frame</name>
         <load_address>0x0</load_address>
         <run_address>0x0</run_address>
         <size>0x88</size>
         <input_file_ref idref="fl-1"/>
      </object_component>
      <object_component id="oc-9c">
         <name>.debug_frame</name>
         <load_address>0x88</load_address>
         <run_address>0x88</run_address>
         <size>0x70</size>
         <input_file_ref idref="fl-2"/>
      </object_component>
      <object_component id="oc-2d">
         <name>.debug_frame</name>
         <load_address>0xf8</load_address>
         <run_address>0xf8</run_address>
         <size>0x478</size>
         <input_file_ref idref="fl-3"/>
      </object_component>
      <object_component id="oc-59">
         <name>.debug_frame</name>
         <load_address>0x570</load_address>
         <run_address>0x570</run_address>
         <size>0x50</size>
         <input_file_ref idref="fl-c0"/>
      </object_component>
      <object_component id="oc-96">
         <name>.debug_frame</name>
         <load_address>0x5c0</load_address>
         <run_address>0x5c0</run_address>
         <size>0x54</size>
         <input_file_ref idref="fl-c4"/>
      </object_component>
      <object_component id="oc-d4">
         <name>.debug_frame</name>
         <load_address>0x614</load_address>
         <run_address>0x614</run_address>
         <size>0x54</size>
         <input_file_ref idref="fl-c6"/>
      </object_component>
      <object_component id="oc-10d">
         <name>.debug_abbrev</name>
         <load_address>0x0</load_address>
         <run_address>0x0</run_address>
         <size>0x71</size>
         <input_file_ref idref="fl-1"/>
      </object_component>
      <object_component id="oc-119">
         <name>.debug_abbrev</name>
         <load_address>0x71</load_address>
         <run_address>0x71</run_address>
         <size>0x7a</size>
         <input_file_ref idref="fl-1"/>
      </object_component>
      <object_component id="oc-116">
         <name>.debug_abbrev</name>
         <load_address>0xeb</load_address>
         <run_address>0xeb</run_address>
         <size>0x97</size>
         <input_file_ref idref="fl-1"/>
      </object_component>
      <object_component id="oc-73">
         <name>.debug_abbrev</name>
         <load_address>0x182</load_address>
         <run_address>0x182</run_address>
         <size>0x69</size>
         <input_file_ref idref="fl-1"/>
      </object_component>
      <object_component id="oc-111">
         <name>.debug_abbrev</name>
         <load_address>0x1eb</load_address>
         <run_address>0x1eb</run_address>
         <size>0xbd</size>
         <input_file_ref idref="fl-1"/>
      </object_component>
      <object_component id="oc-39">
         <name>.debug_abbrev</name>
         <load_address>0x2a8</load_address>
         <run_address>0x2a8</run_address>
         <size>0x1f</size>
         <input_file_ref idref="fl-1"/>
      </object_component>
      <object_component id="oc-ab">
         <name>.debug_abbrev</name>
         <load_address>0x2c7</load_address>
         <run_address>0x2c7</run_address>
         <size>0x5c</size>
         <input_file_ref idref="fl-1"/>
      </object_component>
      <object_component id="oc-cb">
         <name>.debug_abbrev</name>
         <load_address>0x323</load_address>
         <run_address>0x323</run_address>
         <size>0x24</size>
         <input_file_ref idref="fl-1"/>
      </object_component>
      <object_component id="oc-11c">
         <name>.debug_abbrev</name>
         <load_address>0x347</load_address>
         <run_address>0x347</run_address>
         <size>0xab</size>
         <input_file_ref idref="fl-2"/>
      </object_component>
      <object_component id="oc-11a">
         <name>.debug_abbrev</name>
         <load_address>0x3f2</load_address>
         <run_address>0x3f2</run_address>
         <size>0x29</size>
         <input_file_ref idref="fl-2"/>
      </object_component>
      <object_component id="oc-c8">
         <name>.debug_abbrev</name>
         <load_address>0x41b</load_address>
         <run_address>0x41b</run_address>
         <size>0x6c</size>
         <input_file_ref idref="fl-2"/>
      </object_component>
      <object_component id="oc-120">
         <name>.debug_abbrev</name>
         <load_address>0x487</load_address>
         <run_address>0x487</run_address>
         <size>0x4b</size>
         <input_file_ref idref="fl-2"/>
      </object_component>
      <object_component id="oc-6f">
         <name>.debug_abbrev</name>
         <load_address>0x4d2</load_address>
         <run_address>0x4d2</run_address>
         <size>0x68</size>
         <input_file_ref idref="fl-3"/>
      </object_component>
      <object_component id="oc-2e">
         <name>.debug_abbrev</name>
         <load_address>0x53a</load_address>
         <run_address>0x53a</run_address>
         <size>0x29</size>
         <input_file_ref idref="fl-3"/>
      </object_component>
      <object_component id="oc-6e">
         <name>.debug_abbrev</name>
         <load_address>0x563</load_address>
         <run_address>0x563</run_address>
         <size>0xf8</size>
         <input_file_ref idref="fl-3"/>
      </object_component>
      <object_component id="oc-6c">
         <name>.debug_abbrev</name>
         <load_address>0x65b</load_address>
         <run_address>0x65b</run_address>
         <size>0x29</size>
         <input_file_ref idref="fl-c0"/>
      </object_component>
      <object_component id="oc-9e">
         <name>.debug_abbrev</name>
         <load_address>0x684</load_address>
         <run_address>0x684</run_address>
         <size>0x55</size>
         <input_file_ref idref="fl-c0"/>
      </object_component>
      <object_component id="oc-be">
         <name>.debug_abbrev</name>
         <load_address>0x6d9</load_address>
         <run_address>0x6d9</run_address>
         <size>0x55</size>
         <input_file_ref idref="fl-c4"/>
      </object_component>
      <object_component id="oc-123">
         <name>.debug_abbrev</name>
         <load_address>0x72e</load_address>
         <run_address>0x72e</run_address>
         <size>0x45</size>
         <input_file_ref idref="fl-c6"/>
      </object_component>
      <object_component id="oc-1a0">
         <name>.debug_abbrev</name>
         <load_address>0x773</load_address>
         <run_address>0x773</run_address>
         <size>0xf</size>
      </object_component>
      <object_component id="oc-118">
         <name>.debug_str</name>
         <load_address>0x0</load_address>
         <run_address>0x0</run_address>
         <size>0x496</size>
         <input_file_ref idref="fl-1"/>
      </object_component>
      <object_component id="oc-75">
         <name>.debug_str</name>
         <load_address>0x496</load_address>
         <run_address>0x496</run_address>
         <size>0x2c1</size>
         <input_file_ref idref="fl-1"/>
      </object_component>
      <object_component id="oc-113">
         <name>.debug_str</name>
         <load_address>0x757</load_address>
         <run_address>0x757</run_address>
         <size>0x15da</size>
         <input_file_ref idref="fl-1"/>
      </object_component>
      <object_component id="oc-3b">
         <name>.debug_str</name>
         <load_address>0x1d31</load_address>
         <run_address>0x1d31</run_address>
         <size>0xff</size>
         <input_file_ref idref="fl-1"/>
      </object_component>
      <object_component id="oc-ad">
         <name>.debug_str</name>
         <load_address>0x1e30</load_address>
         <run_address>0x1e30</run_address>
         <size>0x357</size>
         <input_file_ref idref="fl-1"/>
      </object_component>
      <object_component id="oc-cd">
         <name>.debug_str</name>
         <load_address>0x2187</load_address>
         <run_address>0x2187</run_address>
         <size>0x159</size>
         <input_file_ref idref="fl-1"/>
      </object_component>
      <object_component id="oc-122">
         <name>.debug_str</name>
         <load_address>0x22e0</load_address>
         <run_address>0x22e0</run_address>
         <size>0xc1</size>
         <input_file_ref idref="fl-2"/>
      </object_component>
      <object_component id="oc-c1">
         <name>.debug_aranges</name>
         <load_address>0x0</load_address>
         <run_address>0x0</run_address>
         <size>0x30</size>
         <input_file_ref idref="fl-1"/>
      </object_component>
      <object_component id="oc-98">
         <name>.debug_aranges</name>
         <load_address>0x30</load_address>
         <run_address>0x30</run_address>
         <size>0x28</size>
         <input_file_ref idref="fl-2"/>
      </object_component>
      <object_component id="oc-2a">
         <name>.debug_aranges</name>
         <load_address>0x58</load_address>
         <run_address>0x58</run_address>
         <size>0x1c8</size>
         <input_file_ref idref="fl-3"/>
      </object_component>
      <object_component id="oc-56">
         <name>.debug_aranges</name>
         <load_address>0x220</load_address>
         <run_address>0x220</run_address>
         <size>0x20</size>
         <input_file_ref idref="fl-c0"/>
      </object_component>
      <object_component id="oc-93">
         <name>.debug_aranges</name>
         <load_address>0x240</load_address>
         <run_address>0x240</run_address>
         <size>0x20</size>
         <input_file_ref idref="fl-c4"/>
      </object_component>
      <object_component id="oc-d2">
         <name>.debug_aranges</name>
         <load_address>0x260</load_address>
         <run_address>0x260</run_address>
         <size>0x20</size>
         <input_file_ref idref="fl-c6"/>
      </object_component>
      <object_component id="oc-c2">
         <name>.debug_pubnames</name>
         <load_address>0x0</load_address>
         <run_address>0x0</run_address>
         <size>0x49</size>
         <input_file_ref idref="fl-1"/>
      </object_component>
      <object_component id="oc-c7">
         <name>.debug_pubnames</name>
         <load_address>0x49</load_address>
         <run_address>0x49</run_address>
         <size>0x1a</size>
         <input_file_ref idref="fl-2"/>
      </object_component>
      <object_component id="oc-9a">
         <name>.debug_pubnames</name>
         <load_address>0x63</load_address>
         <run_address>0x63</run_address>
         <size>0x25</size>
         <input_file_ref idref="fl-2"/>
      </object_component>
      <object_component id="oc-15">
         <name>.debug_pubnames</name>
         <load_address>0x88</load_address>
         <run_address>0x88</run_address>
         <size>0x27</size>
         <input_file_ref idref="fl-3"/>
      </object_component>
      <object_component id="oc-2b">
         <name>.debug_pubnames</name>
         <load_address>0xaf</load_address>
         <run_address>0xaf</run_address>
         <size>0x474</size>
         <input_file_ref idref="fl-3"/>
      </object_component>
      <object_component id="oc-27">
         <name>.debug_pubnames</name>
         <load_address>0x523</load_address>
         <run_address>0x523</run_address>
         <size>0x1e</size>
         <input_file_ref idref="fl-c0"/>
      </object_component>
      <object_component id="oc-57">
         <name>.debug_pubnames</name>
         <load_address>0x541</load_address>
         <run_address>0x541</run_address>
         <size>0x2d</size>
         <input_file_ref idref="fl-c0"/>
      </object_component>
      <object_component id="oc-94">
         <name>.debug_pubnames</name>
         <load_address>0x56e</load_address>
         <run_address>0x56e</run_address>
         <size>0x27</size>
         <input_file_ref idref="fl-c4"/>
      </object_component>
      <object_component id="oc-d3">
         <name>.debug_pubnames</name>
         <load_address>0x595</load_address>
         <run_address>0x595</run_address>
         <size>0x1c</size>
         <input_file_ref idref="fl-c6"/>
      </object_component>
      <object_component id="oc-115">
         <name>.debug_pubtypes</name>
         <load_address>0x0</load_address>
         <run_address>0x0</run_address>
         <size>0xdd</size>
         <input_file_ref idref="fl-1"/>
      </object_component>
      <object_component id="oc-72">
         <name>.debug_pubtypes</name>
         <load_address>0xdd</load_address>
         <run_address>0xdd</run_address>
         <size>0x25c</size>
         <input_file_ref idref="fl-1"/>
      </object_component>
      <object_component id="oc-110">
         <name>.debug_pubtypes</name>
         <load_address>0x339</load_address>
         <run_address>0x339</run_address>
         <size>0x2ce</size>
         <input_file_ref idref="fl-1"/>
      </object_component>
      <object_component id="oc-38">
         <name>.debug_pubtypes</name>
         <load_address>0x607</load_address>
         <run_address>0x607</run_address>
         <size>0xed</size>
         <input_file_ref idref="fl-1"/>
      </object_component>
      <object_component id="oc-aa">
         <name>.debug_pubtypes</name>
         <load_address>0x6f4</load_address>
         <run_address>0x6f4</run_address>
         <size>0x330</size>
         <input_file_ref idref="fl-1"/>
      </object_component>
      <object_component id="oc-ca">
         <name>.debug_pubtypes</name>
         <load_address>0xa24</load_address>
         <run_address>0xa24</run_address>
         <size>0xaa</size>
         <input_file_ref idref="fl-1"/>
      </object_component>
      <object_component id="oc-11f">
         <name>.debug_pubtypes</name>
         <load_address>0xace</load_address>
         <run_address>0xace</run_address>
         <size>0x25</size>
         <input_file_ref idref="fl-2"/>
      </object_component>
   </object_component_list>
   <logical_group_list>
      <logical_group id="lg-4" display="no" color="cyan">
         <name>.intvecs</name>
         <load_address>0x0</load_address>
         <run_address>0x0</run_address>
         <size>0x144</size>
         <contents>
            <object_component_ref idref="oc-13"/>
         </contents>
      </logical_group>
      <logical_group id="lg-5" display="no" color="cyan">
         <name>.text</name>
         <load_address>0x874</load_address>
         <run_address>0x874</run_address>
         <size>0x28c</size>
         <contents>
            <object_component_ref idref="oc-97"/>
            <object_component_ref idref="oc-28"/>
            <object_component_ref idref="oc-bf"/>
            <object_component_ref idref="oc-54"/>
            <object_component_ref idref="oc-91"/>
            <object_component_ref idref="oc-cf"/>
         </contents>
      </logical_group>
      <logical_group id="lg-6" display="no" color="cyan">
         <name>.const</name>
         <load_address>0x144</load_address>
         <run_address>0x144</run_address>
         <size>0x730</size>
         <contents>
            <object_component_ref idref="oc-c5"/>
         </contents>
      </logical_group>
      <logical_group id="lg-7" display="no" color="cyan">
         <name>.cinit</name>
         <run_address>0x0</run_address>
         <size>0x0</size>
         <contents>
         </contents>
      </logical_group>
      <logical_group id="lg-8" display="no" color="cyan">
         <name>.pinit</name>
         <run_address>0x0</run_address>
         <size>0x0</size>
         <contents>
         </contents>
      </logical_group>
      <logical_group id="lg-9" display="no" color="cyan">
         <name>.flashMailbox</name>
         <run_address>0x0</run_address>
         <size>0x0</size>
         <contents>
         </contents>
      </logical_group>
      <logical_group id="lg-a" display="no" color="cyan">
         <name>.vtable</name>
         <run_address>0x0</run_address>
         <size>0x0</size>
         <contents>
         </contents>
      </logical_group>
      <logical_group id="lg-b" display="no" color="cyan">
         <name>.data</name>
         <run_address>0x0</run_address>
         <size>0x0</size>
         <contents>
         </contents>
      </logical_group>
      <logical_group id="lg-c" display="no" color="cyan">
         <name>.bss</name>
         <run_address>0x0</run_address>
         <size>0x0</size>
         <contents>
         </contents>
      </logical_group>
      <logical_group id="lg-d" display="no" color="cyan">
         <name>.sysmem</name>
         <run_address>0x0</run_address>
         <size>0x0</size>
         <contents>
         </contents>
      </logical_group>
      <logical_group id="lg-e" display="no" color="cyan">
         <name>.stack</name>
         <run_address>0x2000fe00</run_address>
         <size>0x200</size>
         <contents>
            <object_component_ref idref="oc-25"/>
            <object_component_ref idref="oc-19e"/>
         </contents>
      </logical_group>
      <logical_group id="lg-173" display="no" color="cyan">
         <name>.TI.noinit</name>
         <run_address>0x0</run_address>
         <size>0x0</size>
         <contents>
         </contents>
      </logical_group>
      <logical_group id="lg-174" display="no" color="cyan">
         <name>.TI.persistent</name>
         <run_address>0x0</run_address>
         <size>0x0</size>
         <contents>
         </contents>
      </logical_group>
      <logical_group id="lg-175" display="no" color="cyan">
         <name>__llvm_prf_cnts</name>
         <run_address>0x20000000</run_address>
         <size>0x0</size>
         <contents>
         </contents>
      </logical_group>
      <logical_group id="lg-184" display="never" color="cyan">
         <name>.debug_info</name>
         <load_address>0x0</load_address>
         <run_address>0x0</run_address>
         <size>0x7e85</size>
         <contents>
            <object_component_ref idref="oc-ae"/>
            <object_component_ref idref="oc-c0"/>
            <object_component_ref idref="oc-114"/>
            <object_component_ref idref="oc-71"/>
            <object_component_ref idref="oc-10f"/>
            <object_component_ref idref="oc-37"/>
            <object_component_ref idref="oc-a9"/>
            <object_component_ref idref="oc-c9"/>
            <object_component_ref idref="oc-ce"/>
            <object_component_ref idref="oc-c6"/>
            <object_component_ref idref="oc-99"/>
            <object_component_ref idref="oc-11e"/>
            <object_component_ref idref="oc-30"/>
            <object_component_ref idref="oc-14"/>
            <object_component_ref idref="oc-29"/>
            <object_component_ref idref="oc-26"/>
            <object_component_ref idref="oc-55"/>
            <object_component_ref idref="oc-92"/>
            <object_component_ref idref="oc-d1"/>
            <object_component_ref idref="oc-19f"/>
         </contents>
      </logical_group>
      <logical_group id="lg-186" display="never" color="cyan">
         <name>.debug_line</name>
         <load_address>0x0</load_address>
         <run_address>0x0</run_address>
         <size>0xade</size>
         <contents>
            <object_component_ref idref="oc-10e"/>
            <object_component_ref idref="oc-c3"/>
            <object_component_ref idref="oc-117"/>
            <object_component_ref idref="oc-74"/>
            <object_component_ref idref="oc-112"/>
            <object_component_ref idref="oc-3a"/>
            <object_component_ref idref="oc-ac"/>
            <object_component_ref idref="oc-cc"/>
            <object_component_ref idref="oc-11d"/>
            <object_component_ref idref="oc-11b"/>
            <object_component_ref idref="oc-9b"/>
            <object_component_ref idref="oc-121"/>
            <object_component_ref idref="oc-70"/>
            <object_component_ref idref="oc-2f"/>
            <object_component_ref idref="oc-2c"/>
            <object_component_ref idref="oc-6d"/>
            <object_component_ref idref="oc-58"/>
            <object_component_ref idref="oc-95"/>
            <object_component_ref idref="oc-d0"/>
         </contents>
      </logical_group>
      <logical_group id="lg-188" display="never" color="cyan">
         <name>.debug_frame</name>
         <load_address>0x0</load_address>
         <run_address>0x0</run_address>
         <size>0x668</size>
         <contents>
            <object_component_ref idref="oc-c4"/>
            <object_component_ref idref="oc-9c"/>
            <object_component_ref idref="oc-2d"/>
            <object_component_ref idref="oc-59"/>
            <object_component_ref idref="oc-96"/>
            <object_component_ref idref="oc-d4"/>
         </contents>
      </logical_group>
      <logical_group id="lg-18a" display="never" color="cyan">
         <name>.debug_abbrev</name>
         <load_address>0x0</load_address>
         <run_address>0x0</run_address>
         <size>0x782</size>
         <contents>
            <object_component_ref idref="oc-10d"/>
            <object_component_ref idref="oc-119"/>
            <object_component_ref idref="oc-116"/>
            <object_component_ref idref="oc-73"/>
            <object_component_ref idref="oc-111"/>
            <object_component_ref idref="oc-39"/>
            <object_component_ref idref="oc-ab"/>
            <object_component_ref idref="oc-cb"/>
            <object_component_ref idref="oc-11c"/>
            <object_component_ref idref="oc-11a"/>
            <object_component_ref idref="oc-c8"/>
            <object_component_ref idref="oc-120"/>
            <object_component_ref idref="oc-6f"/>
            <object_component_ref idref="oc-2e"/>
            <object_component_ref idref="oc-6e"/>
            <object_component_ref idref="oc-6c"/>
            <object_component_ref idref="oc-9e"/>
            <object_component_ref idref="oc-be"/>
            <object_component_ref idref="oc-123"/>
            <object_component_ref idref="oc-1a0"/>
         </contents>
      </logical_group>
      <logical_group id="lg-18c" display="never" color="cyan">
         <name>.debug_str</name>
         <load_address>0x0</load_address>
         <run_address>0x0</run_address>
         <size>0x23a1</size>
         <contents>
            <object_component_ref idref="oc-118"/>
            <object_component_ref idref="oc-75"/>
            <object_component_ref idref="oc-113"/>
            <object_component_ref idref="oc-3b"/>
            <object_component_ref idref="oc-ad"/>
            <object_component_ref idref="oc-cd"/>
            <object_component_ref idref="oc-122"/>
         </contents>
      </logical_group>
      <logical_group id="lg-18e" display="never" color="cyan">
         <name>.debug_aranges</name>
         <load_address>0x0</load_address>
         <run_address>0x0</run_address>
         <size>0x280</size>
         <contents>
            <object_component_ref idref="oc-c1"/>
            <object_component_ref idref="oc-98"/>
            <object_component_ref idref="oc-2a"/>
            <object_component_ref idref="oc-56"/>
            <object_component_ref idref="oc-93"/>
            <object_component_ref idref="oc-d2"/>
         </contents>
      </logical_group>
      <logical_group id="lg-190" display="never" color="cyan">
         <name>.debug_pubnames</name>
         <load_address>0x0</load_address>
         <run_address>0x0</run_address>
         <size>0x5b1</size>
         <contents>
            <object_component_ref idref="oc-c2"/>
            <object_component_ref idref="oc-c7"/>
            <object_component_ref idref="oc-9a"/>
            <object_component_ref idref="oc-15"/>
            <object_component_ref idref="oc-2b"/>
            <object_component_ref idref="oc-27"/>
            <object_component_ref idref="oc-57"/>
            <object_component_ref idref="oc-94"/>
            <object_component_ref idref="oc-d3"/>
         </contents>
      </logical_group>
      <logical_group id="lg-192" display="never" color="cyan">
         <name>.debug_pubtypes</name>
         <load_address>0x0</load_address>
         <run_address>0x0</run_address>
         <size>0xaf3</size>
         <contents>
            <object_component_ref idref="oc-115"/>
            <object_component_ref idref="oc-72"/>
            <object_component_ref idref="oc-110"/>
            <object_component_ref idref="oc-38"/>
            <object_component_ref idref="oc-aa"/>
            <object_component_ref idref="oc-ca"/>
            <object_component_ref idref="oc-11f"/>
         </contents>
      </logical_group>
      <logical_group id="lg-19d" display="no" color="cyan">
         <name>Veneer$$CMSE</name>
         <run_address>0x0</run_address>
         <size>0x0</size>
         <contents>
         </contents>
      </logical_group>
      <load_segment id="lg-1a2" display="no" color="cyan">
         <name>SEGMENT_0</name>
         <load_address>0x0</load_address>
         <run_address>0x0</run_address>
         <size>0xb00</size>
         <flags>0x5</flags>
         <contents>
            <logical_group_ref idref="lg-4"/>
            <logical_group_ref idref="lg-6"/>
            <logical_group_ref idref="lg-5"/>
         </contents>
      </load_segment>
      <load_segment id="lg-1a3" display="no" color="cyan">
         <name>SEGMENT_1</name>
         <run_address>0x2000fe00</run_address>
         <size>0x200</size>
         <flags>0x6</flags>
         <contents>
            <logical_group_ref idref="lg-e"/>
         </contents>
      </load_segment>
   </logical_group_list>
   <placement_map>
      <memory_area display="yes" color="green">
         <name>MAIN</name>
         <page_id>0x0</page_id>
         <origin>0x0</origin>
         <length>0x40000</length>
         <used_space>0xb00</used_space>
         <unused_space>0x3f500</unused_space>
         <attributes>RX</attributes>
         <usage_details>
            <allocated_space>
               <start_address>0x0</start_address>
               <size>0x144</size>
               <logical_group_ref idref="lg-4"/>
            </allocated_space>
            <allocated_space>
               <start_address>0x144</start_address>
               <size>0x730</size>
               <logical_group_ref idref="lg-6"/>
            </allocated_space>
            <allocated_space>
               <start_address>0x874</start_address>
               <size>0x28c</size>
               <logical_group_ref idref="lg-5"/>
            </allocated_space>
            <available_space>
               <start_address>0xb00</start_address>
               <size>0x3f500</size>
            </available_space>
         </usage_details>
      </memory_area>
      <memory_area display="yes" color="green">
         <name>INFO</name>
         <page_id>0x0</page_id>
         <origin>0x200000</origin>
         <length>0x4000</length>
         <used_space>0x0</used_space>
         <unused_space>0x4000</unused_space>
         <attributes>RX</attributes>
         <usage_details>
         </usage_details>
      </memory_area>
      <memory_area display="yes" color="green">
         <name>SRAM_CODE</name>
         <page_id>0x0</page_id>
         <origin>0x1000000</origin>
         <length>0x10000</length>
         <used_space>0x0</used_space>
         <unused_space>0x10000</unused_space>
         <attributes>RWX</attributes>
         <usage_details>
         </usage_details>
      </memory_area>
      <memory_area display="yes" color="green">
         <name>SRAM_DATA</name>
         <page_id>0x0</page_id>
         <origin>0x20000000</origin>
         <length>0x10000</length>
         <used_space>0x200</used_space>
         <unused_space>0xfe00</unused_space>
         <attributes>RW</attributes>
         <usage_details>
            <allocated_space>
               <start_address>0x20000000</start_address>
               <size>0x0</size>
               <logical_group_ref idref="lg-175"/>
            </allocated_space>
            <available_space>
               <start_address>0x20000000</start_address>
               <size>0xfe00</size>
            </available_space>
            <allocated_space>
               <start_address>0x2000fe00</start_address>
               <size>0x200</size>
               <logical_group_ref idref="lg-e"/>
            </allocated_space>
         </usage_details>
      </memory_area>
   </placement_map>
   <symbol_table>
      <symbol id="sm-1">
         <name>WDTCTL_SYM</name>
         <value>0x4000480c</value>
      </symbol>
      <symbol id="sm-2">
         <name>__start___llvm_prf_cnts</name>
         <value>0x20000000</value>
      </symbol>
      <symbol id="sm-3">
         <name>__stop___llvm_prf_cnts</name>
         <value>0x20000000</value>
      </symbol>
      <symbol id="sm-4">
         <name>binit</name>
         <value>0xffffffff</value>
      </symbol>
      <symbol id="sm-5">
         <name>__binit__</name>
         <value>0xffffffff</value>
      </symbol>
      <symbol id="sm-6">
         <name>__STACK_SIZE</name>
         <value>0x200</value>
      </symbol>
      <symbol id="sm-7">
         <name>__STACK_END</name>
         <value>0x20010000</value>
      </symbol>
      <symbol id="sm-8">
         <name>__c_args__</name>
         <value>0xffffffff</value>
      </symbol>
      <symbol id="sm-9">
         <name>__TI_pprof_out_hndl</name>
         <value>0xffffffff</value>
      </symbol>
      <symbol id="sm-a">
         <name>__TI_prof_data_start</name>
         <value>0xffffffff</value>
      </symbol>
      <symbol id="sm-b">
         <name>__TI_prof_data_size</name>
         <value>0xffffffff</value>
      </symbol>
      <symbol id="sm-c">
         <name>__TI_static_base__</name>
         <value>0x0</value>
      </symbol>
      <symbol id="sm-58">
         <name>SysTick_Wait</name>
         <value>0xa71</value>
         <object_component_ref idref="oc-bf"/>
      </symbol>
      <symbol id="sm-59">
         <name>SysTick_Wait10ms</name>
         <value>0xa97</value>
         <object_component_ref idref="oc-bf"/>
      </symbol>
      <symbol id="sm-5a">
         <name>SysTick_Init</name>
         <value>0xa55</value>
         <object_component_ref idref="oc-bf"/>
      </symbol>
      <symbol id="sm-8a">
         <name>ports</name>
         <value>0x875</value>
         <object_component_ref idref="oc-97"/>
      </symbol>
      <symbol id="sm-8b">
         <name>main</name>
         <value>0x909</value>
         <object_component_ref idref="oc-97"/>
      </symbol>
      <symbol id="sm-8c">
         <name>FSM</name>
         <value>0x144</value>
         <object_component_ref idref="oc-c5"/>
      </symbol>
      <symbol id="sm-10c">
         <name>T32_INT2_IRQHandler</name>
         <value>0xa11</value>
         <object_component_ref idref="oc-28"/>
      </symbol>
      <symbol id="sm-10d">
         <name>PendSV_Handler</name>
         <value>0x9d9</value>
         <object_component_ref idref="oc-28"/>
      </symbol>
      <symbol id="sm-10e">
         <name>SysTick_Handler</name>
         <value>0x9db</value>
         <object_component_ref idref="oc-28"/>
      </symbol>
      <symbol id="sm-10f">
         <name>EUSCIA3_IRQHandler</name>
         <value>0xa03</value>
         <object_component_ref idref="oc-28"/>
      </symbol>
      <symbol id="sm-110">
         <name>SVC_Handler</name>
         <value>0x9d5</value>
         <object_component_ref idref="oc-28"/>
      </symbol>
      <symbol id="sm-111">
         <name>EUSCIB1_IRQHandler</name>
         <value>0xa07</value>
         <object_component_ref idref="oc-28"/>
      </symbol>
      <symbol id="sm-112">
         <name>PORT4_IRQHandler</name>
         <value>0xa29</value>
         <object_component_ref idref="oc-28"/>
      </symbol>
      <symbol id="sm-113">
         <name>AES256_IRQHandler</name>
         <value>0xa15</value>
         <object_component_ref idref="oc-28"/>
      </symbol>
      <symbol id="sm-114">
         <name>FPU_IRQHandler</name>
         <value>0x9e5</value>
         <object_component_ref idref="oc-28"/>
      </symbol>
      <symbol id="sm-115">
         <name>EUSCIB2_IRQHandler</name>
         <value>0xa09</value>
         <object_component_ref idref="oc-28"/>
      </symbol>
      <symbol id="sm-116">
         <name>PORT1_IRQHandler</name>
         <value>0xa23</value>
         <object_component_ref idref="oc-28"/>
      </symbol>
      <symbol id="sm-117">
         <name>RTC_C_IRQHandler</name>
         <value>0xa17</value>
         <object_component_ref idref="oc-28"/>
      </symbol>
      <symbol id="sm-118">
         <name>TA2_0_IRQHandler</name>
         <value>0x9f5</value>
         <object_component_ref idref="oc-28"/>
      </symbol>
      <symbol id="sm-119">
         <name>TA3_N_IRQHandler</name>
         <value>0x9fb</value>
         <object_component_ref idref="oc-28"/>
      </symbol>
      <symbol id="sm-11a">
         <name>DMA_INT3_IRQHandler</name>
         <value>0xa1b</value>
         <object_component_ref idref="oc-28"/>
      </symbol>
      <symbol id="sm-11b">
         <name>PORT2_IRQHandler</name>
         <value>0xa25</value>
         <object_component_ref idref="oc-28"/>
      </symbol>
      <symbol id="sm-11c">
         <name>StartCritical</name>
         <value>0xa3b</value>
         <object_component_ref idref="oc-28"/>
      </symbol>
      <symbol id="sm-11d">
         <name>TA0_0_IRQHandler</name>
         <value>0x9ed</value>
         <object_component_ref idref="oc-28"/>
      </symbol>
      <symbol id="sm-11e">
         <name>PSS_IRQHandler</name>
         <value>0x9dd</value>
         <object_component_ref idref="oc-28"/>
      </symbol>
      <symbol id="sm-11f">
         <name>TA1_N_IRQHandler</name>
         <value>0x9f3</value>
         <object_component_ref idref="oc-28"/>
      </symbol>
      <symbol id="sm-120">
         <name>EUSCIA1_IRQHandler</name>
         <value>0x9ff</value>
         <object_component_ref idref="oc-28"/>
      </symbol>
      <symbol id="sm-121">
         <name>EUSCIA2_IRQHandler</name>
         <value>0xa01</value>
         <object_component_ref idref="oc-28"/>
      </symbol>
      <symbol id="sm-122">
         <name>COMP_E0_IRQHandler</name>
         <value>0x9e9</value>
         <object_component_ref idref="oc-28"/>
      </symbol>
      <symbol id="sm-123">
         <name>WDT_A_IRQHandler</name>
         <value>0x9e3</value>
         <object_component_ref idref="oc-28"/>
      </symbol>
      <symbol id="sm-124">
         <name>EUSCIB0_IRQHandler</name>
         <value>0xa05</value>
         <object_component_ref idref="oc-28"/>
      </symbol>
      <symbol id="sm-125">
         <name>FLCTL_IRQHandler</name>
         <value>0x9e7</value>
         <object_component_ref idref="oc-28"/>
      </symbol>
      <symbol id="sm-126">
         <name>EndCritical</name>
         <value>0xa45</value>
         <object_component_ref idref="oc-28"/>
      </symbol>
      <symbol id="sm-127">
         <name>DMA_INT1_IRQHandler</name>
         <value>0xa1f</value>
         <object_component_ref idref="oc-28"/>
      </symbol>
      <symbol id="sm-128">
         <name>PCM_IRQHandler</name>
         <value>0x9e1</value>
         <object_component_ref idref="oc-28"/>
      </symbol>
      <symbol id="sm-129">
         <name>ADC14_IRQHandler</name>
         <value>0xa0d</value>
         <object_component_ref idref="oc-28"/>
      </symbol>
      <symbol id="sm-12a">
         <name>T32_INTC_IRQHandler</name>
         <value>0xa13</value>
         <object_component_ref idref="oc-28"/>
      </symbol>
      <symbol id="sm-12b">
         <name>DMA_INT2_IRQHandler</name>
         <value>0xa1d</value>
         <object_component_ref idref="oc-28"/>
      </symbol>
      <symbol id="sm-12c">
         <name>TA3_0_IRQHandler</name>
         <value>0x9f9</value>
         <object_component_ref idref="oc-28"/>
      </symbol>
      <symbol id="sm-12d">
         <name>EUSCIA0_IRQHandler</name>
         <value>0x9fd</value>
         <object_component_ref idref="oc-28"/>
      </symbol>
      <symbol id="sm-12e">
         <name>DMA_ERR_IRQHandler</name>
         <value>0xa19</value>
         <object_component_ref idref="oc-28"/>
      </symbol>
      <symbol id="sm-12f">
         <name>DisableInterrupts</name>
         <value>0xa2f</value>
         <object_component_ref idref="oc-28"/>
      </symbol>
      <symbol id="sm-130">
         <name>PORT5_IRQHandler</name>
         <value>0xa2b</value>
         <object_component_ref idref="oc-28"/>
      </symbol>
      <symbol id="sm-131">
         <name>TA1_0_IRQHandler</name>
         <value>0x9f1</value>
         <object_component_ref idref="oc-28"/>
      </symbol>
      <symbol id="sm-132">
         <name>TA2_N_IRQHandler</name>
         <value>0x9f7</value>
         <object_component_ref idref="oc-28"/>
      </symbol>
      <symbol id="sm-133">
         <name>COMP_E1_IRQHandler</name>
         <value>0x9eb</value>
         <object_component_ref idref="oc-28"/>
      </symbol>
      <symbol id="sm-134">
         <name>EUSCIB3_IRQHandler</name>
         <value>0xa0b</value>
         <object_component_ref idref="oc-28"/>
      </symbol>
      <symbol id="sm-135">
         <name>WaitForInterrupt</name>
         <value>0xa4d</value>
         <object_component_ref idref="oc-28"/>
      </symbol>
      <symbol id="sm-136">
         <name>interruptVectors</name>
         <value>0x0</value>
         <object_component_ref idref="oc-13"/>
      </symbol>
      <symbol id="sm-137">
         <name>EnableInterrupts</name>
         <value>0xa35</value>
         <object_component_ref idref="oc-28"/>
      </symbol>
      <symbol id="sm-138">
         <name>PORT6_IRQHandler</name>
         <value>0xa2d</value>
         <object_component_ref idref="oc-28"/>
      </symbol>
      <symbol id="sm-139">
         <name>TA0_N_IRQHandler</name>
         <value>0x9ef</value>
         <object_component_ref idref="oc-28"/>
      </symbol>
      <symbol id="sm-13a">
         <name>T32_INT1_IRQHandler</name>
         <value>0xa0f</value>
         <object_component_ref idref="oc-28"/>
      </symbol>
      <symbol id="sm-13b">
         <name>DebugMon_Handler</name>
         <value>0x9d7</value>
         <object_component_ref idref="oc-28"/>
      </symbol>
      <symbol id="sm-13c">
         <name>DMA_INT0_IRQHandler</name>
         <value>0xa21</value>
         <object_component_ref idref="oc-28"/>
      </symbol>
      <symbol id="sm-13d">
         <name>PORT3_IRQHandler</name>
         <value>0xa27</value>
         <object_component_ref idref="oc-28"/>
      </symbol>
      <symbol id="sm-13e">
         <name>CS_IRQHandler</name>
         <value>0x9df</value>
         <object_component_ref idref="oc-28"/>
      </symbol>
      <symbol id="sm-154">
         <name>_c_int00_noinit_noargs</name>
         <value>0xacd</value>
         <object_component_ref idref="oc-54"/>
      </symbol>
      <symbol id="sm-155">
         <name>__stack</name>
         <value>0x2000fe00</value>
         <object_component_ref idref="oc-25"/>
      </symbol>
      <symbol id="sm-162">
         <name>_system_pre_init</name>
         <value>0xaf9</value>
         <object_component_ref idref="oc-91"/>
      </symbol>
      <symbol id="sm-16e">
         <name>C$$EXIT</name>
         <value>0xafd</value>
         <object_component_ref idref="oc-cf"/>
      </symbol>
      <symbol id="sm-16f">
         <name>abort</name>
         <value>0xafd</value>
         <object_component_ref idref="oc-cf"/>
      </symbol>
      <symbol id="sm-172">
         <name>__mpu_init</name>
         <value>0x0</value>
      </symbol>
   </symbol_table>
   <title>Link successful</title>
</link_info>
